sample_id,method,mixture_size,combination_id,combination,pH,seed,dopamine_concentration,uric_acid_concentration,ascorbic_acid_concentration,glucose_concentration,copper_concentration,aluminum_concentration
1,DPV,1,0,dopamine,6.5,1000043,1.0,0.0,0.0,0.0,0.0,0.0
2,DPV,1,0,dopamine,8.0,1000044,5.0,0.0,0.0,0.0,0.0,0.0
3,DPV,1,0,dopamine,7.0,1000045,0.5,0.0,0.0,0.0,0.0,0.0
4,DPV,1,0,dopamine,8.0,1000046,0.5,0.0,0.0,0.0,0.0,0.0
5,DPV,1,0,dopamine,6.5,1000047,0.1,0.0,0.0,0.0,0.0,0.0
6,DPV,1,0,dopamine,6.0,1000048,2.0,0.0,0.0,0.0,0.0,0.0
7,DPV,1,0,dopamine,6.0,1000049,1.0,0.0,0.0,0.0,0.0,0.0
8,DPV,1,0,dopamine,6.5,1000050,0.1,0.0,0.0,0.0,0.0,0.0
9,DPV,1,0,dopamine,8.0,1000051,0.5,0.0,0.0,0.0,0.0,0.0
10,DPV,1,0,dopamine,6.0,1000052,0.5,0.0,0.0,0.0,0.0,0.0
11,DPV,1,0,dopamine,6.5,1000053,0.5,0.0,0.0,0.0,0.0,0.0
12,DPV,1,0,dopamine,6.0,1000054,1.0,0.0,0.0,0.0,0.0,0.0
13,DPV,1,0,dopamine,8.0,1000055,5.0,0.0,0.0,0.0,0.0,0.0
14,DPV,1,0,dopamine,7.5,1000056,1.0,0.0,0.0,0.0,0.0,0.0
15,DPV,1,0,dopamine,7.5,1000057,0.2,0.0,0.0,0.0,0.0,0.0
16,DPV,1,0,dopamine,7.5,1000058,0.1,0.0,0.0,0.0,0.0,0.0
17,DPV,1,0,dopamine,7.5,1000059,0.5,0.0,0.0,0.0,0.0,0.0
18,DPV,1,0,dopamine,7.5,1000060,1.0,0.0,0.0,0.0,0.0,0.0
19,DPV,1,0,dopamine,6.0,1000061,5.0,0.0,0.0,0.0,0.0,0.0
20,DPV,1,0,dopamine,8.0,1000062,2.0,0.0,0.0,0.0,0.0,0.0
21,DPV,1,1,uric_acid,7.5,1000063,0.0,1.0,0.0,0.0,0.0,0.0
22,DPV,1,1,uric_acid,7.5,1000064,0.0,1.0,0.0,0.0,0.0,0.0
23,DPV,1,1,uric_acid,6.5,1000065,0.0,0.2,0.0,0.0,0.0,0.0
24,DPV,1,1,uric_acid,8.0,1000066,0.0,0.5,0.0,0.0,0.0,0.0
25,DPV,1,1,uric_acid,6.5,1000067,0.0,0.2,0.0,0.0,0.0,0.0
26,DPV,1,1,uric_acid,6.0,1000068,0.0,0.5,0.0,0.0,0.0,0.0
27,DPV,1,1,uric_acid,8.0,1000069,0.0,0.5,0.0,0.0,0.0,0.0
28,DPV,1,1,uric_acid,6.5,1000070,0.0,2.0,0.0,0.0,0.0,0.0
29,DPV,1,1,uric_acid,6.0,1000071,0.0,0.1,0.0,0.0,0.0,0.0
30,DPV,1,1,uric_acid,7.5,1000072,0.0,2.0,0.0,0.0,0.0,0.0
31,DPV,1,1,uric_acid,6.5,1000073,0.0,2.0,0.0,0.0,0.0,0.0
32,DPV,1,1,uric_acid,8.0,1000074,0.0,5.0,0.0,0.0,0.0,0.0
33,DPV,1,1,uric_acid,7.0,1000075,0.0,5.0,0.0,0.0,0.0,0.0
34,DPV,1,1,uric_acid,6.0,1000076,0.0,5.0,0.0,0.0,0.0,0.0
35,DPV,1,1,uric_acid,8.0,1000077,0.0,1.0,0.0,0.0,0.0,0.0
36,DPV,1,1,uric_acid,7.0,1000078,0.0,5.0,0.0,0.0,0.0,0.0
37,DPV,1,1,uric_acid,6.5,1000079,0.0,2.0,0.0,0.0,0.0,0.0
38,DPV,1,1,uric_acid,7.5,1000080,0.0,1.0,0.0,0.0,0.0,0.0
39,DPV,1,1,uric_acid,7.0,1000081,0.0,5.0,0.0,0.0,0.0,0.0
40,DPV,1,1,uric_acid,6.0,1000082,0.0,0.1,0.0,0.0,0.0,0.0
41,DPV,1,2,ascorbic_acid,7.5,1000083,0.0,0.0,5.0,0.0,0.0,0.0
42,DPV,1,2,ascorbic_acid,7.0,1000084,0.0,0.0,0.5,0.0,0.0,0.0
43,DPV,1,2,ascorbic_acid,7.5,1000085,0.0,0.0,1.0,0.0,0.0,0.0
44,DPV,1,2,ascorbic_acid,8.0,1000086,0.0,0.0,1.0,0.0,0.0,0.0
45,DPV,1,2,ascorbic_acid,7.5,1000087,0.0,0.0,5.0,0.0,0.0,0.0
46,DPV,1,2,ascorbic_acid,7.5,1000088,0.0,0.0,0.5,0.0,0.0,0.0
47,DPV,1,2,ascorbic_acid,6.5,1000089,0.0,0.0,0.2,0.0,0.0,0.0
48,DPV,1,2,ascorbic_acid,6.5,1000090,0.0,0.0,0.5,0.0,0.0,0.0
49,DPV,1,2,ascorbic_acid,7.0,1000091,0.0,0.0,2.0,0.0,0.0,0.0
50,DPV,1,2,ascorbic_acid,8.0,1000092,0.0,0.0,2.0,0.0,0.0,0.0
51,DPV,1,2,ascorbic_acid,7.0,1000093,0.0,0.0,0.5,0.0,0.0,0.0
52,DPV,1,2,ascorbic_acid,6.5,1000094,0.0,0.0,0.1,0.0,0.0,0.0
53,DPV,1,2,ascorbic_acid,7.5,1000095,0.0,0.0,5.0,0.0,0.0,0.0
54,DPV,1,2,ascorbic_acid,8.0,1000096,0.0,0.0,5.0,0.0,0.0,0.0
55,DPV,1,2,ascorbic_acid,8.0,1000097,0.0,0.0,2.0,0.0,0.0,0.0
56,DPV,1,2,ascorbic_acid,6.5,1000098,0.0,0.0,5.0,0.0,0.0,0.0
57,DPV,1,2,ascorbic_acid,7.5,1000099,0.0,0.0,2.0,0.0,0.0,0.0
58,DPV,1,2,ascorbic_acid,7.0,1000100,0.0,0.0,0.2,0.0,0.0,0.0
59,DPV,1,2,ascorbic_acid,7.0,1000101,0.0,0.0,5.0,0.0,0.0,0.0
60,DPV,1,2,ascorbic_acid,6.5,1000102,0.0,0.0,5.0,0.0,0.0,0.0
61,DPV,1,3,glucose,6.0,1000103,0.0,0.0,0.0,5.0,0.0,0.0
62,DPV,1,3,glucose,6.5,1000104,0.0,0.0,0.0,2.0,0.0,0.0
63,DPV,1,3,glucose,7.0,1000105,0.0,0.0,0.0,0.5,0.0,0.0
64,DPV,1,3,glucose,8.0,1000106,0.0,0.0,0.0,2.0,0.0,0.0
65,DPV,1,3,glucose,8.0,1000107,0.0,0.0,0.0,0.2,0.0,0.0
66,DPV,1,3,glucose,6.0,1000108,0.0,0.0,0.0,5.0,0.0,0.0
67,DPV,1,3,glucose,7.5,1000109,0.0,0.0,0.0,2.0,0.0,0.0
68,DPV,1,3,glucose,6.0,1000110,0.0,0.0,0.0,0.5,0.0,0.0
69,DPV,1,3,glucose,7.5,1000111,0.0,0.0,0.0,0.2,0.0,0.0
70,DPV,1,3,glucose,6.5,1000112,0.0,0.0,0.0,5.0,0.0,0.0
71,DPV,1,3,glucose,7.0,1000113,0.0,0.0,0.0,5.0,0.0,0.0
72,DPV,1,3,glucose,7.5,1000114,0.0,0.0,0.0,2.0,0.0,0.0
73,DPV,1,3,glucose,7.0,1000115,0.0,0.0,0.0,0.5,0.0,0.0
74,DPV,1,3,glucose,8.0,1000116,0.0,0.0,0.0,0.1,0.0,0.0
75,DPV,1,3,glucose,7.0,1000117,0.0,0.0,0.0,0.5,0.0,0.0
76,DPV,1,3,glucose,8.0,1000118,0.0,0.0,0.0,2.0,0.0,0.0
77,DPV,1,3,glucose,7.5,1000119,0.0,0.0,0.0,5.0,0.0,0.0
78,DPV,1,3,glucose,6.5,1000120,0.0,0.0,0.0,5.0,0.0,0.0
79,DPV,1,3,glucose,7.5,1000121,0.0,0.0,0.0,0.5,0.0,0.0
80,DPV,1,3,glucose,7.0,1000122,0.0,0.0,0.0,0.5,0.0,0.0
81,DPV,1,4,copper,7.0,1000123,0.0,0.0,0.0,0.0,0.5,0.0
82,DPV,1,4,copper,6.0,1000124,0.0,0.0,0.0,0.0,0.5,0.0
83,DPV,1,4,copper,6.0,1000125,0.0,0.0,0.0,0.0,0.2,0.0
84,DPV,1,4,copper,7.0,1000126,0.0,0.0,0.0,0.0,0.1,0.0
85,DPV,1,4,copper,6.0,1000127,0.0,0.0,0.0,0.0,0.5,0.0
86,DPV,1,4,copper,8.0,1000128,0.0,0.0,0.0,0.0,0.5,0.0
87,DPV,1,4,copper,8.0,1000129,0.0,0.0,0.0,0.0,1.0,0.0
88,DPV,1,4,copper,7.5,1000130,0.0,0.0,0.0,0.0,0.1,0.0
89,DPV,1,4,copper,7.5,1000131,0.0,0.0,0.0,0.0,0.5,0.0
90,DPV,1,4,copper,7.0,1000132,0.0,0.0,0.0,0.0,2.0,0.0
91,DPV,1,4,copper,6.0,1000133,0.0,0.0,0.0,0.0,1.0,0.0
92,DPV,1,4,copper,6.5,1000134,0.0,0.0,0.0,0.0,0.5,0.0
93,DPV,1,4,copper,7.0,1000135,0.0,0.0,0.0,0.0,0.2,0.0
94,DPV,1,4,copper,8.0,1000136,0.0,0.0,0.0,0.0,5.0,0.0
95,DPV,1,4,copper,6.5,1000137,0.0,0.0,0.0,0.0,2.0,0.0
96,DPV,1,4,copper,7.0,1000138,0.0,0.0,0.0,0.0,0.2,0.0
97,DPV,1,4,copper,6.5,1000139,0.0,0.0,0.0,0.0,0.1,0.0
98,DPV,1,4,copper,6.0,1000140,0.0,0.0,0.0,0.0,5.0,0.0
99,DPV,1,4,copper,6.0,1000141,0.0,0.0,0.0,0.0,0.5,0.0
100,DPV,1,4,copper,6.5,1000142,0.0,0.0,0.0,0.0,0.2,0.0
101,DPV,1,5,aluminum,6.0,1000143,0.0,0.0,0.0,0.0,0.0,2.0
102,DPV,1,5,aluminum,6.0,1000144,0.0,0.0,0.0,0.0,0.0,1.0
103,DPV,1,5,aluminum,6.5,1000145,0.0,0.0,0.0,0.0,0.0,0.2
104,DPV,1,5,aluminum,6.5,1000146,0.0,0.0,0.0,0.0,0.0,0.1
105,DPV,1,5,aluminum,7.0,1000147,0.0,0.0,0.0,0.0,0.0,0.2
106,DPV,1,5,aluminum,6.0,1000148,0.0,0.0,0.0,0.0,0.0,2.0
107,DPV,1,5,aluminum,6.5,1000149,0.0,0.0,0.0,0.0,0.0,0.2
108,DPV,1,5,aluminum,7.0,1000150,0.0,0.0,0.0,0.0,0.0,1.0
109,DPV,1,5,aluminum,8.0,1000151,0.0,0.0,0.0,0.0,0.0,0.5
110,DPV,1,5,aluminum,7.5,1000152,0.0,0.0,0.0,0.0,0.0,2.0
111,DPV,1,5,aluminum,8.0,1000153,0.0,0.0,0.0,0.0,0.0,5.0
112,DPV,1,5,aluminum,6.5,1000154,0.0,0.0,0.0,0.0,0.0,0.1
113,DPV,1,5,aluminum,7.0,1000155,0.0,0.0,0.0,0.0,0.0,0.5
114,DPV,1,5,aluminum,7.0,1000156,0.0,0.0,0.0,0.0,0.0,0.1
115,DPV,1,5,aluminum,8.0,1000157,0.0,0.0,0.0,0.0,0.0,5.0
116,DPV,1,5,aluminum,8.0,1000158,0.0,0.0,0.0,0.0,0.0,2.0
117,DPV,1,5,aluminum,8.0,1000159,0.0,0.0,0.0,0.0,0.0,0.2
118,DPV,1,5,aluminum,7.5,1000160,0.0,0.0,0.0,0.0,0.0,0.1
119,DPV,1,5,aluminum,7.0,1000161,0.0,0.0,0.0,0.0,0.0,0.1
120,DPV,1,5,aluminum,7.0,1000162,0.0,0.0,0.0,0.0,0.0,0.1
121,DPV,2,6,dopamine+uric_acid,8.0,1000163,1.0,0.1,0.0,0.0,0.0,0.0
122,DPV,2,6,dopamine+uric_acid,6.5,1000164,0.2,5.0,0.0,0.0,0.0,0.0
123,DPV,2,6,dopamine+uric_acid,6.5,1000165,5.0,0.5,0.0,0.0,0.0,0.0
124,DPV,2,6,dopamine+uric_acid,8.0,1000166,0.5,1.0,0.0,0.0,0.0,0.0
125,DPV,2,6,dopamine+uric_acid,6.5,1000167,0.1,1.0,0.0,0.0,0.0,0.0
126,DPV,2,6,dopamine+uric_acid,6.5,1000168,1.0,0.2,0.0,0.0,0.0,0.0
127,DPV,2,6,dopamine+uric_acid,7.0,1000169,0.2,0.5,0.0,0.0,0.0,0.0
128,DPV,2,6,dopamine+uric_acid,6.5,1000170,0.1,5.0,0.0,0.0,0.0,0.0
129,DPV,2,6,dopamine+uric_acid,8.0,1000171,1.0,0.5,0.0,0.0,0.0,0.0
130,DPV,2,6,dopamine+uric_acid,8.0,1000172,2.0,0.1,0.0,0.0,0.0,0.0
131,DPV,2,6,dopamine+uric_acid,6.5,1000173,1.0,2.0,0.0,0.0,0.0,0.0
132,DPV,2,6,dopamine+uric_acid,7.0,1000174,0.2,5.0,0.0,0.0,0.0,0.0
133,DPV,2,6,dopamine+uric_acid,8.0,1000175,5.0,5.0,0.0,0.0,0.0,0.0
134,DPV,2,6,dopamine+uric_acid,7.5,1000176,5.0,1.0,0.0,0.0,0.0,0.0
135,DPV,2,6,dopamine+uric_acid,6.5,1000177,5.0,0.5,0.0,0.0,0.0,0.0
136,DPV,2,6,dopamine+uric_acid,7.0,1000178,0.1,0.2,0.0,0.0,0.0,0.0
137,DPV,2,6,dopamine+uric_acid,7.5,1000179,5.0,2.0,0.0,0.0,0.0,0.0
138,DPV,2,6,dopamine+uric_acid,7.5,1000180,0.5,0.5,0.0,0.0,0.0,0.0
139,DPV,2,6,dopamine+uric_acid,6.0,1000181,5.0,2.0,0.0,0.0,0.0,0.0
140,DPV,2,6,dopamine+uric_acid,6.5,1000182,0.2,2.0,0.0,0.0,0.0,0.0
141,DPV,2,7,dopamine+ascorbic_acid,8.0,1000183,0.5,0.0,0.2,0.0,0.0,0.0
142,DPV,2,7,dopamine+ascorbic_acid,6.5,1000184,0.2,0.0,5.0,0.0,0.0,0.0
143,DPV,2,7,dopamine+ascorbic_acid,6.5,1000185,2.0,0.0,1.0,0.0,0.0,0.0
144,DPV,2,7,dopamine+ascorbic_acid,6.5,1000186,0.2,0.0,0.2,0.0,0.0,0.0
145,DPV,2,7,dopamine+ascorbic_acid,6.0,1000187,0.2,0.0,1.0,0.0,0.0,0.0
146,DPV,2,7,dopamine+ascorbic_acid,6.0,1000188,1.0,0.0,1.0,0.0,0.0,0.0
147,DPV,2,7,dopamine+ascorbic_acid,6.5,1000189,0.5,0.0,2.0,0.0,0.0,0.0
148,DPV,2,7,dopamine+ascorbic_acid,8.0,1000190,2.0,0.0,0.1,0.0,0.0,0.0
149,DPV,2,7,dopamine+ascorbic_acid,6.0,1000191,1.0,0.0,1.0,0.0,0.0,0.0
150,DPV,2,7,dopamine+ascorbic_acid,6.5,1000192,0.5,0.0,0.5,0.0,0.0,0.0
151,DPV,2,7,dopamine+ascorbic_acid,6.0,1000193,0.2,0.0,5.0,0.0,0.0,0.0
152,DPV,2,7,dopamine+ascorbic_acid,7.0,1000194,0.1,0.0,0.5,0.0,0.0,0.0
153,DPV,2,7,dopamine+ascorbic_acid,6.5,1000195,5.0,0.0,0.1,0.0,0.0,0.0
154,DPV,2,7,dopamine+ascorbic_acid,7.5,1000196,0.1,0.0,0.1,0.0,0.0,0.0
155,DPV,2,7,dopamine+ascorbic_acid,7.0,1000197,5.0,0.0,2.0,0.0,0.0,0.0
156,DPV,2,7,dopamine+ascorbic_acid,7.5,1000198,1.0,0.0,5.0,0.0,0.0,0.0
157,DPV,2,7,dopamine+ascorbic_acid,7.5,1000199,1.0,0.0,5.0,0.0,0.0,0.0
158,DPV,2,7,dopamine+ascorbic_acid,7.0,1000200,5.0,0.0,1.0,0.0,0.0,0.0
159,DPV,2,7,dopamine+ascorbic_acid,8.0,1000201,5.0,0.0,1.0,0.0,0.0,0.0
160,DPV,2,7,dopamine+ascorbic_acid,7.0,1000202,0.5,0.0,0.1,0.0,0.0,0.0
161,DPV,2,8,dopamine+glucose,8.0,1000203,2.0,0.0,0.0,0.2,0.0,0.0
162,DPV,2,8,dopamine+glucose,8.0,1000204,0.5,0.0,0.0,0.5,0.0,0.0
163,DPV,2,8,dopamine+glucose,7.0,1000205,1.0,0.0,0.0,0.5,0.0,0.0
164,DPV,2,8,dopamine+glucose,7.5,1000206,0.2,0.0,0.0,5.0,0.0,0.0
165,DPV,2,8,dopamine+glucose,6.5,1000207,1.0,0.0,0.0,0.2,0.0,0.0
166,DPV,2,8,dopamine+glucose,8.0,1000208,5.0,0.0,0.0,0.2,0.0,0.0
167,DPV,2,8,dopamine+glucose,7.5,1000209,0.5,0.0,0.0,0.5,0.0,0.0
168,DPV,2,8,dopamine+glucose,8.0,1000210,0.1,0.0,0.0,0.1,0.0,0.0
169,DPV,2,8,dopamine+glucose,6.5,1000211,1.0,0.0,0.0,1.0,0.0,0.0
170,DPV,2,8,dopamine+glucose,7.5,1000212,1.0,0.0,0.0,1.0,0.0,0.0
171,DPV,2,8,dopamine+glucose,7.0,1000213,1.0,0.0,0.0,0.1,0.0,0.0
172,DPV,2,8,dopamine+glucose,6.0,1000214,0.5,0.0,0.0,1.0,0.0,0.0
173,DPV,2,8,dopamine+glucose,6.0,1000215,0.2,0.0,0.0,2.0,0.0,0.0
174,DPV,2,8,dopamine+glucose,7.0,1000216,1.0,0.0,0.0,0.2,0.0,0.0
175,DPV,2,8,dopamine+glucose,6.5,1000217,5.0,0.0,0.0,0.1,0.0,0.0
176,DPV,2,8,dopamine+glucose,6.0,1000218,2.0,0.0,0.0,0.2,0.0,0.0
177,DPV,2,8,dopamine+glucose,7.0,1000219,5.0,0.0,0.0,5.0,0.0,0.0
178,DPV,2,8,dopamine+glucose,7.5,1000220,5.0,0.0,0.0,1.0,0.0,0.0
179,DPV,2,8,dopamine+glucose,6.5,1000221,1.0,0.0,0.0,5.0,0.0,0.0
180,DPV,2,8,dopamine+glucose,8.0,1000222,0.5,0.0,0.0,0.5,0.0,0.0
181,DPV,2,9,dopamine+copper,7.5,1000223,0.1,0.0,0.0,0.0,2.0,0.0
182,DPV,2,9,dopamine+copper,7.0,1000224,0.2,0.0,0.0,0.0,0.2,0.0
183,DPV,2,9,dopamine+copper,8.0,1000225,1.0,0.0,0.0,0.0,1.0,0.0
184,DPV,2,9,dopamine+copper,7.0,1000226,0.2,0.0,0.0,0.0,0.1,0.0
185,DPV,2,9,dopamine+copper,6.0,1000227,0.1,0.0,0.0,0.0,0.2,0.0
186,DPV,2,9,dopamine+copper,6.0,1000228,0.1,0.0,0.0,0.0,0.1,0.0
187,DPV,2,9,dopamine+copper,8.0,1000229,1.0,0.0,0.0,0.0,1.0,0.0
188,DPV,2,9,dopamine+copper,8.0,1000230,0.2,0.0,0.0,0.0,0.5,0.0
189,DPV,2,9,dopamine+copper,7.5,1000231,2.0,0.0,0.0,0.0,0.5,0.0
190,DPV,2,9,dopamine+copper,6.0,1000232,2.0,0.0,0.0,0.0,0.1,0.0
191,DPV,2,9,dopamine+copper,6.5,1000233,0.5,0.0,0.0,0.0,1.0,0.0
192,DPV,2,9,dopamine+copper,6.0,1000234,1.0,0.0,0.0,0.0,0.5,0.0
193,DPV,2,9,dopamine+copper,6.0,1000235,5.0,0.0,0.0,0.0,2.0,0.0
194,DPV,2,9,dopamine+copper,6.5,1000236,5.0,0.0,0.0,0.0,2.0,0.0
195,DPV,2,9,dopamine+copper,7.0,1000237,1.0,0.0,0.0,0.0,0.2,0.0
196,DPV,2,9,dopamine+copper,6.0,1000238,0.5,0.0,0.0,0.0,1.0,0.0
197,DPV,2,9,dopamine+copper,8.0,1000239,2.0,0.0,0.0,0.0,1.0,0.0
198,DPV,2,9,dopamine+copper,7.0,1000240,2.0,0.0,0.0,0.0,0.1,0.0
199,DPV,2,9,dopamine+copper,6.5,1000241,0.2,0.0,0.0,0.0,2.0,0.0
200,DPV,2,9,dopamine+copper,7.0,1000242,2.0,0.0,0.0,0.0,1.0,0.0
201,DPV,2,10,dopamine+aluminum,7.5,1000243,5.0,0.0,0.0,0.0,0.0,2.0
202,DPV,2,10,dopamine+aluminum,6.5,1000244,0.5,0.0,0.0,0.0,0.0,0.5
203,DPV,2,10,dopamine+aluminum,6.0,1000245,2.0,0.0,0.0,0.0,0.0,5.0
204,DPV,2,10,dopamine+aluminum,6.0,1000246,2.0,0.0,0.0,0.0,0.0,1.0
205,DPV,2,10,dopamine+aluminum,8.0,1000247,1.0,0.0,0.0,0.0,0.0,0.5
206,DPV,2,10,dopamine+aluminum,6.0,1000248,0.5,0.0,0.0,0.0,0.0,1.0
207,DPV,2,10,dopamine+aluminum,7.5,1000249,1.0,0.0,0.0,0.0,0.0,2.0
208,DPV,2,10,dopamine+aluminum,6.5,1000250,1.0,0.0,0.0,0.0,0.0,0.2
209,DPV,2,10,dopamine+aluminum,7.5,1000251,0.2,0.0,0.0,0.0,0.0,0.2
210,DPV,2,10,dopamine+aluminum,6.0,1000252,0.5,0.0,0.0,0.0,0.0,0.5
211,DPV,2,10,dopamine+aluminum,8.0,1000253,5.0,0.0,0.0,0.0,0.0,0.1
212,DPV,2,10,dopamine+aluminum,7.5,1000254,5.0,0.0,0.0,0.0,0.0,5.0
213,DPV,2,10,dopamine+aluminum,7.0,1000255,1.0,0.0,0.0,0.0,0.0,1.0
214,DPV,2,10,dopamine+aluminum,6.5,1000256,0.1,0.0,0.0,0.0,0.0,0.5
215,DPV,2,10,dopamine+aluminum,8.0,1000257,0.5,0.0,0.0,0.0,0.0,2.0
216,DPV,2,10,dopamine+aluminum,6.5,1000258,0.2,0.0,0.0,0.0,0.0,0.1
217,DPV,2,10,dopamine+aluminum,7.0,1000259,2.0,0.0,0.0,0.0,0.0,5.0
218,DPV,2,10,dopamine+aluminum,6.5,1000260,0.5,0.0,0.0,0.0,0.0,1.0
219,DPV,2,10,dopamine+aluminum,6.5,1000261,2.0,0.0,0.0,0.0,0.0,2.0
220,DPV,2,10,dopamine+aluminum,7.0,1000262,0.5,0.0,0.0,0.0,0.0,1.0
221,DPV,2,11,uric_acid+ascorbic_acid,6.0,1000263,0.0,1.0,0.5,0.0,0.0,0.0
222,DPV,2,11,uric_acid+ascorbic_acid,6.0,1000264,0.0,2.0,1.0,0.0,0.0,0.0
223,DPV,2,11,uric_acid+ascorbic_acid,6.5,1000265,0.0,0.5,5.0,0.0,0.0,0.0
224,DPV,2,11,uric_acid+ascorbic_acid,6.0,1000266,0.0,0.2,5.0,0.0,0.0,0.0
225,DPV,2,11,uric_acid+ascorbic_acid,7.0,1000267,0.0,5.0,0.5,0.0,0.0,0.0
226,DPV,2,11,uric_acid+ascorbic_acid,8.0,1000268,0.0,1.0,5.0,0.0,0.0,0.0
227,DPV,2,11,uric_acid+ascorbic_acid,6.0,1000269,0.0,5.0,1.0,0.0,0.0,0.0
228,DPV,2,11,uric_acid+ascorbic_acid,6.0,1000270,0.0,0.1,0.5,0.0,0.0,0.0
229,DPV,2,11,uric_acid+ascorbic_acid,6.0,1000271,0.0,0.5,0.2,0.0,0.0,0.0
230,DPV,2,11,uric_acid+ascorbic_acid,7.0,1000272,0.0,0.2,1.0,0.0,0.0,0.0
231,DPV,2,11,uric_acid+ascorbic_acid,6.5,1000273,0.0,0.1,2.0,0.0,0.0,0.0
232,DPV,2,11,uric_acid+ascorbic_acid,7.0,1000274,0.0,0.1,0.5,0.0,0.0,0.0
233,DPV,2,11,uric_acid+ascorbic_acid,6.0,1000275,0.0,1.0,0.5,0.0,0.0,0.0
234,DPV,2,11,uric_acid+ascorbic_acid,6.5,1000276,0.0,0.2,0.5,0.0,0.0,0.0
235,DPV,2,11,uric_acid+ascorbic_acid,7.0,1000277,0.0,0.1,0.2,0.0,0.0,0.0
236,DPV,2,11,uric_acid+ascorbic_acid,7.0,1000278,0.0,0.1,0.2,0.0,0.0,0.0
237,DPV,2,11,uric_acid+ascorbic_acid,7.0,1000279,0.0,1.0,0.1,0.0,0.0,0.0
238,DPV,2,11,uric_acid+ascorbic_acid,7.5,1000280,0.0,2.0,0.1,0.0,0.0,0.0
239,DPV,2,11,uric_acid+ascorbic_acid,7.0,1000281,0.0,0.5,0.5,0.0,0.0,0.0
240,DPV,2,11,uric_acid+ascorbic_acid,8.0,1000282,0.0,0.2,1.0,0.0,0.0,0.0
241,DPV,2,12,uric_acid+glucose,7.0,1000283,0.0,0.5,0.0,0.1,0.0,0.0
242,DPV,2,12,uric_acid+glucose,6.5,1000284,0.0,5.0,0.0,2.0,0.0,0.0
243,DPV,2,12,uric_acid+glucose,6.5,1000285,0.0,1.0,0.0,0.1,0.0,0.0
244,DPV,2,12,uric_acid+glucose,6.5,1000286,0.0,0.5,0.0,0.2,0.0,0.0
245,DPV,2,12,uric_acid+glucose,7.0,1000287,0.0,0.1,0.0,0.1,0.0,0.0
246,DPV,2,12,uric_acid+glucose,6.5,1000288,0.0,0.5,0.0,0.5,0.0,0.0
247,DPV,2,12,uric_acid+glucose,8.0,1000289,0.0,2.0,0.0,0.5,0.0,0.0
248,DPV,2,12,uric_acid+glucose,7.0,1000290,0.0,1.0,0.0,0.1,0.0,0.0
249,DPV,2,12,uric_acid+glucose,8.0,1000291,0.0,5.0,0.0,2.0,0.0,0.0
250,DPV,2,12,uric_acid+glucose,7.5,1000292,0.0,0.5,0.0,0.2,0.0,0.0
251,DPV,2,12,uric_acid+glucose,6.5,1000293,0.0,0.1,0.0,0.5,0.0,0.0
252,DPV,2,12,uric_acid+glucose,6.5,1000294,0.0,0.2,0.0,0.1,0.0,0.0
253,DPV,2,12,uric_acid+glucose,7.5,1000295,0.0,2.0,0.0,5.0,0.0,0.0
254,DPV,2,12,uric_acid+glucose,6.5,1000296,0.0,0.1,0.0,2.0,0.0,0.0
255,DPV,2,12,uric_acid+glucose,6.5,1000297,0.0,5.0,0.0,0.5,0.0,0.0
256,DPV,2,12,uric_acid+glucose,8.0,1000298,0.0,0.5,0.0,0.5,0.0,0.0
257,DPV,2,12,uric_acid+glucose,7.0,1000299,0.0,1.0,0.0,0.5,0.0,0.0
258,DPV,2,12,uric_acid+glucose,6.0,1000300,0.0,0.1,0.0,1.0,0.0,0.0
259,DPV,2,12,uric_acid+glucose,7.0,1000301,0.0,1.0,0.0,0.1,0.0,0.0
260,DPV,2,12,uric_acid+glucose,7.0,1000302,0.0,0.5,0.0,0.1,0.0,0.0
261,DPV,2,13,uric_acid+copper,8.0,1000303,0.0,0.2,0.0,0.0,1.0,0.0
262,DPV,2,13,uric_acid+copper,7.5,1000304,0.0,0.2,0.0,0.0,0.1,0.0
263,DPV,2,13,uric_acid+copper,6.0,1000305,0.0,5.0,0.0,0.0,0.1,0.0
264,DPV,2,13,uric_acid+copper,6.0,1000306,0.0,0.5,0.0,0.0,1.0,0.0
265,DPV,2,13,uric_acid+copper,7.5,1000307,0.0,0.5,0.0,0.0,5.0,0.0
266,DPV,2,13,uric_acid+copper,6.0,1000308,0.0,5.0,0.0,0.0,0.2,0.0
267,DPV,2,13,uric_acid+copper,6.5,1000309,0.0,0.1,0.0,0.0,2.0,0.0
268,DPV,2,13,uric_acid+copper,6.0,1000310,0.0,0.5,0.0,0.0,2.0,0.0
269,DPV,2,13,uric_acid+copper,6.0,1000311,0.0,1.0,0.0,0.0,0.5,0.0
270,DPV,2,13,uric_acid+copper,8.0,1000312,0.0,1.0,0.0,0.0,0.5,0.0
271,DPV,2,13,uric_acid+copper,6.0,1000313,0.0,0.1,0.0,0.0,0.2,0.0
272,DPV,2,13,uric_acid+copper,6.0,1000314,0.0,1.0,0.0,0.0,1.0,0.0
273,DPV,2,13,uric_acid+copper,8.0,1000315,0.0,0.2,0.0,0.0,0.1,0.0
274,DPV,2,13,uric_acid+copper,6.0,1000316,0.0,0.2,0.0,0.0,0.5,0.0
275,DPV,2,13,uric_acid+copper,8.0,1000317,0.0,1.0,0.0,0.0,0.2,0.0
276,DPV,2,13,uric_acid+copper,6.0,1000318,0.0,0.5,0.0,0.0,0.1,0.0
277,DPV,2,13,uric_acid+copper,6.0,1000319,0.0,2.0,0.0,0.0,2.0,0.0
278,DPV,2,13,uric_acid+copper,6.0,1000320,0.0,5.0,0.0,0.0,0.5,0.0
279,DPV,2,13,uric_acid+copper,7.5,1000321,0.0,2.0,0.0,0.0,2.0,0.0
280,DPV,2,13,uric_acid+copper,7.5,1000322,0.0,0.1,0.0,0.0,2.0,0.0
281,DPV,2,14,uric_acid+aluminum,7.0,1000323,0.0,0.1,0.0,0.0,0.0,2.0
282,DPV,2,14,uric_acid+aluminum,6.5,1000324,0.0,2.0,0.0,0.0,0.0,0.2
283,DPV,2,14,uric_acid+aluminum,6.0,1000325,0.0,0.2,0.0,0.0,0.0,2.0
284,DPV,2,14,uric_acid+aluminum,7.0,1000326,0.0,0.5,0.0,0.0,0.0,2.0
285,DPV,2,14,uric_acid+aluminum,6.5,1000327,0.0,0.1,0.0,0.0,0.0,0.2
286,DPV,2,14,uric_acid+aluminum,7.0,1000328,0.0,0.2,0.0,0.0,0.0,5.0
287,DPV,2,14,uric_acid+aluminum,7.5,1000329,0.0,2.0,0.0,0.0,0.0,5.0
288,DPV,2,14,uric_acid+aluminum,8.0,1000330,0.0,1.0,0.0,0.0,0.0,0.5
289,DPV,2,14,uric_acid+aluminum,7.0,1000331,0.0,5.0,0.0,0.0,0.0,5.0
290,DPV,2,14,uric_acid+aluminum,6.0,1000332,0.0,1.0,0.0,0.0,0.0,2.0
291,DPV,2,14,uric_acid+aluminum,6.5,1000333,0.0,0.2,0.0,0.0,0.0,5.0
292,DPV,2,14,uric_acid+aluminum,8.0,1000334,0.0,0.5,0.0,0.0,0.0,2.0
293,DPV,2,14,uric_acid+aluminum,7.0,1000335,0.0,0.1,0.0,0.0,0.0,0.1
294,DPV,2,14,uric_acid+aluminum,7.5,1000336,0.0,1.0,0.0,0.0,0.0,0.5
295,DPV,2,14,uric_acid+aluminum,7.0,1000337,0.0,0.1,0.0,0.0,0.0,1.0
296,DPV,2,14,uric_acid+aluminum,6.0,1000338,0.0,0.5,0.0,0.0,0.0,0.2
297,DPV,2,14,uric_acid+aluminum,8.0,1000339,0.0,5.0,0.0,0.0,0.0,5.0
298,DPV,2,14,uric_acid+aluminum,7.5,1000340,0.0,0.1,0.0,0.0,0.0,0.5
299,DPV,2,14,uric_acid+aluminum,8.0,1000341,0.0,0.5,0.0,0.0,0.0,1.0
300,DPV,2,14,uric_acid+aluminum,8.0,1000342,0.0,5.0,0.0,0.0,0.0,0.5
301,DPV,2,15,ascorbic_acid+glucose,6.5,1000343,0.0,0.0,0.2,5.0,0.0,0.0
302,DPV,2,15,ascorbic_acid+glucose,6.5,1000344,0.0,0.0,1.0,0.5,0.0,0.0
303,DPV,2,15,ascorbic_acid+glucose,6.5,1000345,0.0,0.0,5.0,1.0,0.0,0.0
304,DPV,2,15,ascorbic_acid+glucose,8.0,1000346,0.0,0.0,0.5,5.0,0.0,0.0
305,DPV,2,15,ascorbic_acid+glucose,7.0,1000347,0.0,0.0,2.0,5.0,0.0,0.0
306,DPV,2,15,ascorbic_acid+glucose,7.0,1000348,0.0,0.0,1.0,0.1,0.0,0.0
307,DPV,2,15,ascorbic_acid+glucose,8.0,1000349,0.0,0.0,2.0,0.1,0.0,0.0
308,DPV,2,15,ascorbic_acid+glucose,7.5,1000350,0.0,0.0,0.5,0.5,0.0,0.0
309,DPV,2,15,ascorbic_acid+glucose,8.0,1000351,0.0,0.0,0.2,1.0,0.0,0.0
310,DPV,2,15,ascorbic_acid+glucose,8.0,1000352,0.0,0.0,2.0,5.0,0.0,0.0
311,DPV,2,15,ascorbic_acid+glucose,6.0,1000353,0.0,0.0,1.0,5.0,0.0,0.0
312,DPV,2,15,ascorbic_acid+glucose,6.5,1000354,0.0,0.0,0.1,0.5,0.0,0.0
313,DPV,2,15,ascorbic_acid+glucose,7.5,1000355,0.0,0.0,0.5,0.2,0.0,0.0
314,DPV,2,15,ascorbic_acid+glucose,8.0,1000356,0.0,0.0,2.0,5.0,0.0,0.0
315,DPV,2,15,ascorbic_acid+glucose,6.0,1000357,0.0,0.0,5.0,5.0,0.0,0.0
316,DPV,2,15,ascorbic_acid+glucose,6.5,1000358,0.0,0.0,0.2,2.0,0.0,0.0
317,DPV,2,15,ascorbic_acid+glucose,7.0,1000359,0.0,0.0,2.0,0.2,0.0,0.0
318,DPV,2,15,ascorbic_acid+glucose,7.5,1000360,0.0,0.0,2.0,5.0,0.0,0.0
319,DPV,2,15,ascorbic_acid+glucose,6.0,1000361,0.0,0.0,0.5,0.5,0.0,0.0
320,DPV,2,15,ascorbic_acid+glucose,7.5,1000362,0.0,0.0,2.0,0.5,0.0,0.0
321,DPV,2,16,ascorbic_acid+copper,6.5,1000363,0.0,0.0,5.0,0.0,1.0,0.0
322,DPV,2,16,ascorbic_acid+copper,6.5,1000364,0.0,0.0,1.0,0.0,0.1,0.0
323,DPV,2,16,ascorbic_acid+copper,7.0,1000365,0.0,0.0,0.1,0.0,0.2,0.0
324,DPV,2,16,ascorbic_acid+copper,7.0,1000366,0.0,0.0,1.0,0.0,2.0,0.0
325,DPV,2,16,ascorbic_acid+copper,7.5,1000367,0.0,0.0,0.1,0.0,0.2,0.0
326,DPV,2,16,ascorbic_acid+copper,6.5,1000368,0.0,0.0,0.1,0.0,1.0,0.0
327,DPV,2,16,ascorbic_acid+copper,8.0,1000369,0.0,0.0,1.0,0.0,2.0,0.0
328,DPV,2,16,ascorbic_acid+copper,6.0,1000370,0.0,0.0,1.0,0.0,2.0,0.0
329,DPV,2,16,ascorbic_acid+copper,8.0,1000371,0.0,0.0,0.5,0.0,1.0,0.0
330,DPV,2,16,ascorbic_acid+copper,6.0,1000372,0.0,0.0,0.5,0.0,0.1,0.0
331,DPV,2,16,ascorbic_acid+copper,7.5,1000373,0.0,0.0,5.0,0.0,5.0,0.0
332,DPV,2,16,ascorbic_acid+copper,6.5,1000374,0.0,0.0,0.2,0.0,1.0,0.0
333,DPV,2,16,ascorbic_acid+copper,6.5,1000375,0.0,0.0,0.2,0.0,5.0,0.0
334,DPV,2,16,ascorbic_acid+copper,6.0,1000376,0.0,0.0,5.0,0.0,2.0,0.0
335,DPV,2,16,ascorbic_acid+copper,7.5,1000377,0.0,0.0,5.0,0.0,0.1,0.0
336,DPV,2,16,ascorbic_acid+copper,6.0,1000378,0.0,0.0,1.0,0.0,0.1,0.0
337,DPV,2,16,ascorbic_acid+copper,7.5,1000379,0.0,0.0,2.0,0.0,0.1,0.0
338,DPV,2,16,ascorbic_acid+copper,7.5,1000380,0.0,0.0,2.0,0.0,2.0,0.0
339,DPV,2,16,ascorbic_acid+copper,8.0,1000381,0.0,0.0,0.5,0.0,5.0,0.0
340,DPV,2,16,ascorbic_acid+copper,7.5,1000382,0.0,0.0,0.1,0.0,2.0,0.0
341,DPV,2,17,ascorbic_acid+aluminum,6.5,1000383,0.0,0.0,0.5,0.0,0.0,5.0
342,DPV,2,17,ascorbic_acid+aluminum,7.5,1000384,0.0,0.0,0.1,0.0,0.0,5.0
343,DPV,2,17,ascorbic_acid+aluminum,8.0,1000385,0.0,0.0,5.0,0.0,0.0,0.1
344,DPV,2,17,ascorbic_acid+aluminum,6.5,1000386,0.0,0.0,5.0,0.0,0.0,2.0
345,DPV,2,17,ascorbic_acid+aluminum,6.0,1000387,0.0,0.0,0.1,0.0,0.0,1.0
346,DPV,2,17,ascorbic_acid+aluminum,8.0,1000388,0.0,0.0,0.5,0.0,0.0,2.0
347,DPV,2,17,ascorbic_acid+aluminum,6.0,1000389,0.0,0.0,0.2,0.0,0.0,1.0
348,DPV,2,17,ascorbic_acid+aluminum,7.0,1000390,0.0,0.0,5.0,0.0,0.0,5.0
349,DPV,2,17,ascorbic_acid+aluminum,6.5,1000391,0.0,0.0,2.0,0.0,0.0,1.0
350,DPV,2,17,ascorbic_acid+aluminum,6.0,1000392,0.0,0.0,0.1,0.0,0.0,2.0
351,DPV,2,17,ascorbic_acid+aluminum,7.5,1000393,0.0,0.0,0.5,0.0,0.0,5.0
352,DPV,2,17,ascorbic_acid+aluminum,6.0,1000394,0.0,0.0,2.0,0.0,0.0,0.5
353,DPV,2,17,ascorbic_acid+aluminum,7.5,1000395,0.0,0.0,1.0,0.0,0.0,0.2
354,DPV,2,17,ascorbic_acid+aluminum,7.5,1000396,0.0,0.0,0.2,0.0,0.0,0.5
355,DPV,2,17,ascorbic_acid+aluminum,6.0,1000397,0.0,0.0,0.1,0.0,0.0,0.1
356,DPV,2,17,ascorbic_acid+aluminum,6.0,1000398,0.0,0.0,0.1,0.0,0.0,0.5
357,DPV,2,17,ascorbic_acid+aluminum,7.5,1000399,0.0,0.0,0.2,0.0,0.0,2.0
358,DPV,2,17,ascorbic_acid+aluminum,7.0,1000400,0.0,0.0,0.2,0.0,0.0,0.1
359,DPV,2,17,ascorbic_acid+aluminum,6.0,1000401,0.0,0.0,0.1,0.0,0.0,5.0
360,DPV,2,17,ascorbic_acid+aluminum,8.0,1000402,0.0,0.0,0.5,0.0,0.0,1.0
361,DPV,2,18,glucose+copper,6.5,1000403,0.0,0.0,0.0,0.2,1.0,0.0
362,DPV,2,18,glucose+copper,6.0,1000404,0.0,0.0,0.0,0.1,5.0,0.0
363,DPV,2,18,glucose+copper,8.0,1000405,0.0,0.0,0.0,0.1,5.0,0.0
364,DPV,2,18,glucose+copper,6.0,1000406,0.0,0.0,0.0,5.0,0.1,0.0
365,DPV,2,18,glucose+copper,7.0,1000407,0.0,0.0,0.0,2.0,0.5,0.0
366,DPV,2,18,glucose+copper,8.0,1000408,0.0,0.0,0.0,2.0,0.5,0.0
367,DPV,2,18,glucose+copper,7.0,1000409,0.0,0.0,0.0,0.5,1.0,0.0
368,DPV,2,18,glucose+copper,7.0,1000410,0.0,0.0,0.0,1.0,0.1,0.0
369,DPV,2,18,glucose+copper,6.5,1000411,0.0,0.0,0.0,5.0,0.1,0.0
370,DPV,2,18,glucose+copper,6.0,1000412,0.0,0.0,0.0,5.0,1.0,0.0
371,DPV,2,18,glucose+copper,7.0,1000413,0.0,0.0,0.0,2.0,0.2,0.0
372,DPV,2,18,glucose+copper,8.0,1000414,0.0,0.0,0.0,0.5,0.2,0.0
373,DPV,2,18,glucose+copper,6.0,1000415,0.0,0.0,0.0,0.5,0.1,0.0
374,DPV,2,18,glucose+copper,8.0,1000416,0.0,0.0,0.0,2.0,0.1,0.0
375,DPV,2,18,glucose+copper,7.0,1000417,0.0,0.0,0.0,0.2,0.1,0.0
376,DPV,2,18,glucose+copper,7.0,1000418,0.0,0.0,0.0,5.0,0.2,0.0
377,DPV,2,18,glucose+copper,6.0,1000419,0.0,0.0,0.0,2.0,0.2,0.0
378,DPV,2,18,glucose+copper,7.5,1000420,0.0,0.0,0.0,0.1,1.0,0.0
379,DPV,2,18,glucose+copper,6.0,1000421,0.0,0.0,0.0,0.5,2.0,0.0
380,DPV,2,18,glucose+copper,6.5,1000422,0.0,0.0,0.0,0.2,5.0,0.0
381,DPV,2,19,glucose+aluminum,7.5,1000423,0.0,0.0,0.0,0.2,0.0,2.0
382,DPV,2,19,glucose+aluminum,6.0,1000424,0.0,0.0,0.0,0.2,0.0,1.0
383,DPV,2,19,glucose+aluminum,7.0,1000425,0.0,0.0,0.0,0.2,0.0,5.0
384,DPV,2,19,glucose+aluminum,7.0,1000426,0.0,0.0,0.0,5.0,0.0,0.2
385,DPV,2,19,glucose+aluminum,6.0,1000427,0.0,0.0,0.0,0.5,0.0,2.0
386,DPV,2,19,glucose+aluminum,6.5,1000428,0.0,0.0,0.0,5.0,0.0,0.1
387,DPV,2,19,glucose+aluminum,6.5,1000429,0.0,0.0,0.0,0.5,0.0,0.5
388,DPV,2,19,glucose+aluminum,7.5,1000430,0.0,0.0,0.0,0.1,0.0,1.0
389,DPV,2,19,glucose+aluminum,8.0,1000431,0.0,0.0,0.0,2.0,0.0,1.0
390,DPV,2,19,glucose+aluminum,8.0,1000432,0.0,0.0,0.0,1.0,0.0,1.0
391,DPV,2,19,glucose+aluminum,6.0,1000433,0.0,0.0,0.0,5.0,0.0,5.0
392,DPV,2,19,glucose+aluminum,6.0,1000434,0.0,0.0,0.0,1.0,0.0,0.5
393,DPV,2,19,glucose+aluminum,6.0,1000435,0.0,0.0,0.0,1.0,0.0,5.0
394,DPV,2,19,glucose+aluminum,7.0,1000436,0.0,0.0,0.0,2.0,0.0,2.0
395,DPV,2,19,glucose+aluminum,6.0,1000437,0.0,0.0,0.0,0.1,0.0,5.0
396,DPV,2,19,glucose+aluminum,6.5,1000438,0.0,0.0,0.0,0.1,0.0,5.0
397,DPV,2,19,glucose+aluminum,8.0,1000439,0.0,0.0,0.0,0.5,0.0,1.0
398,DPV,2,19,glucose+aluminum,8.0,1000440,0.0,0.0,0.0,0.2,0.0,2.0
399,DPV,2,19,glucose+aluminum,8.0,1000441,0.0,0.0,0.0,0.5,0.0,0.2
400,DPV,2,19,glucose+aluminum,6.5,1000442,0.0,0.0,0.0,0.1,0.0,2.0
401,DPV,2,20,copper+aluminum,7.5,1000443,0.0,0.0,0.0,0.0,5.0,1.0
402,DPV,2,20,copper+aluminum,7.5,1000444,0.0,0.0,0.0,0.0,5.0,2.0
403,DPV,2,20,copper+aluminum,6.0,1000445,0.0,0.0,0.0,0.0,5.0,0.1
404,DPV,2,20,copper+aluminum,7.0,1000446,0.0,0.0,0.0,0.0,2.0,1.0
405,DPV,2,20,copper+aluminum,7.0,1000447,0.0,0.0,0.0,0.0,5.0,0.5
406,DPV,2,20,copper+aluminum,6.5,1000448,0.0,0.0,0.0,0.0,1.0,5.0
407,DPV,2,20,copper+aluminum,7.5,1000449,0.0,0.0,0.0,0.0,0.2,0.2
408,DPV,2,20,copper+aluminum,7.5,1000450,0.0,0.0,0.0,0.0,1.0,5.0
409,DPV,2,20,copper+aluminum,7.0,1000451,0.0,0.0,0.0,0.0,0.1,0.1
410,DPV,2,20,copper+aluminum,7.5,1000452,0.0,0.0,0.0,0.0,1.0,0.2
411,DPV,2,20,copper+aluminum,7.5,1000453,0.0,0.0,0.0,0.0,1.0,1.0
412,DPV,2,20,copper+aluminum,7.0,1000454,0.0,0.0,0.0,0.0,5.0,0.5
413,DPV,2,20,copper+aluminum,6.5,1000455,0.0,0.0,0.0,0.0,0.1,0.1
414,DPV,2,20,copper+aluminum,7.5,1000456,0.0,0.0,0.0,0.0,0.2,5.0
415,DPV,2,20,copper+aluminum,7.5,1000457,0.0,0.0,0.0,0.0,0.5,2.0
416,DPV,2,20,copper+aluminum,8.0,1000458,0.0,0.0,0.0,0.0,0.2,1.0
417,DPV,2,20,copper+aluminum,6.0,1000459,0.0,0.0,0.0,0.0,0.1,0.5
418,DPV,2,20,copper+aluminum,7.0,1000460,0.0,0.0,0.0,0.0,0.1,5.0
419,DPV,2,20,copper+aluminum,8.0,1000461,0.0,0.0,0.0,0.0,0.2,0.2
420,DPV,2,20,copper+aluminum,7.0,1000462,0.0,0.0,0.0,0.0,5.0,2.0
421,DPV,3,21,dopamine+uric_acid+ascorbic_acid,8.0,1000463,2.0,1.0,1.0,0.0,0.0,0.0
422,DPV,3,21,dopamine+uric_acid+ascorbic_acid,6.0,1000464,2.0,0.1,0.5,0.0,0.0,0.0
423,DPV,3,21,dopamine+uric_acid+ascorbic_acid,6.0,1000465,1.0,2.0,0.5,0.0,0.0,0.0
424,DPV,3,21,dopamine+uric_acid+ascorbic_acid,7.5,1000466,5.0,2.0,0.2,0.0,0.0,0.0
425,DPV,3,21,dopamine+uric_acid+ascorbic_acid,6.5,1000467,1.0,0.5,5.0,0.0,0.0,0.0
426,DPV,3,21,dopamine+uric_acid+ascorbic_acid,7.0,1000468,0.1,0.5,0.1,0.0,0.0,0.0
427,DPV,3,21,dopamine+uric_acid+ascorbic_acid,7.0,1000469,0.2,5.0,5.0,0.0,0.0,0.0
428,DPV,3,21,dopamine+uric_acid+ascorbic_acid,7.0,1000470,2.0,0.5,0.2,0.0,0.0,0.0
429,DPV,3,21,dopamine+uric_acid+ascorbic_acid,8.0,1000471,0.2,0.1,0.1,0.0,0.0,0.0
430,DPV,3,21,dopamine+uric_acid+ascorbic_acid,6.0,1000472,1.0,0.2,1.0,0.0,0.0,0.0
431,DPV,3,21,dopamine+uric_acid+ascorbic_acid,7.5,1000473,0.2,1.0,0.1,0.0,0.0,0.0
432,DPV,3,21,dopamine+uric_acid+ascorbic_acid,8.0,1000474,2.0,1.0,0.5,0.0,0.0,0.0
433,DPV,3,21,dopamine+uric_acid+ascorbic_acid,7.5,1000475,0.1,1.0,0.1,0.0,0.0,0.0
434,DPV,3,21,dopamine+uric_acid+ascorbic_acid,6.5,1000476,0.1,1.0,0.1,0.0,0.0,0.0
435,DPV,3,21,dopamine+uric_acid+ascorbic_acid,6.0,1000477,0.2,0.1,0.2,0.0,0.0,0.0
436,DPV,3,21,dopamine+uric_acid+ascorbic_acid,7.5,1000478,1.0,1.0,0.1,0.0,0.0,0.0
437,DPV,3,21,dopamine+uric_acid+ascorbic_acid,7.0,1000479,5.0,2.0,0.5,0.0,0.0,0.0
438,DPV,3,21,dopamine+uric_acid+ascorbic_acid,6.0,1000480,0.1,1.0,5.0,0.0,0.0,0.0
439,DPV,3,21,dopamine+uric_acid+ascorbic_acid,6.5,1000481,2.0,5.0,2.0,0.0,0.0,0.0
440,DPV,3,21,dopamine+uric_acid+ascorbic_acid,8.0,1000482,2.0,0.5,0.1,0.0,0.0,0.0
441,DPV,3,22,dopamine+uric_acid+glucose,6.5,1000483,0.1,2.0,0.0,2.0,0.0,0.0
442,DPV,3,22,dopamine+uric_acid+glucose,6.0,1000484,2.0,0.1,0.0,0.1,0.0,0.0
443,DPV,3,22,dopamine+uric_acid+glucose,7.5,1000485,0.1,5.0,0.0,2.0,0.0,0.0
444,DPV,3,22,dopamine+uric_acid+glucose,6.0,1000486,1.0,0.2,0.0,2.0,0.0,0.0
445,DPV,3,22,dopamine+uric_acid+glucose,8.0,1000487,0.2,0.1,0.0,0.5,0.0,0.0
446,DPV,3,22,dopamine+uric_acid+glucose,8.0,1000488,1.0,0.1,0.0,5.0,0.0,0.0
447,DPV,3,22,dopamine+uric_acid+glucose,8.0,1000489,1.0,2.0,0.0,2.0,0.0,0.0
448,DPV,3,22,dopamine+uric_acid+glucose,8.0,1000490,1.0,0.2,0.0,2.0,0.0,0.0
449,DPV,3,22,dopamine+uric_acid+glucose,6.5,1000491,5.0,1.0,0.0,5.0,0.0,0.0
450,DPV,3,22,dopamine+uric_acid+glucose,6.5,1000492,1.0,5.0,0.0,2.0,0.0,0.0
451,DPV,3,22,dopamine+uric_acid+glucose,6.5,1000493,5.0,0.5,0.0,0.5,0.0,0.0
452,DPV,3,22,dopamine+uric_acid+glucose,7.0,1000494,0.1,5.0,0.0,0.2,0.0,0.0
453,DPV,3,22,dopamine+uric_acid+glucose,8.0,1000495,5.0,2.0,0.0,5.0,0.0,0.0
454,DPV,3,22,dopamine+uric_acid+glucose,7.5,1000496,1.0,0.5,0.0,0.5,0.0,0.0
455,DPV,3,22,dopamine+uric_acid+glucose,7.5,1000497,0.2,0.5,0.0,2.0,0.0,0.0
456,DPV,3,22,dopamine+uric_acid+glucose,8.0,1000498,0.1,2.0,0.0,0.2,0.0,0.0
457,DPV,3,22,dopamine+uric_acid+glucose,7.5,1000499,0.1,2.0,0.0,5.0,0.0,0.0
458,DPV,3,22,dopamine+uric_acid+glucose,6.5,1000500,1.0,5.0,0.0,1.0,0.0,0.0
459,DPV,3,22,dopamine+uric_acid+glucose,7.0,1000501,2.0,0.2,0.0,5.0,0.0,0.0
460,DPV,3,22,dopamine+uric_acid+glucose,7.0,1000502,2.0,2.0,0.0,0.1,0.0,0.0
461,DPV,3,23,dopamine+uric_acid+copper,6.0,1000503,0.5,0.1,0.0,0.0,1.0,0.0
462,DPV,3,23,dopamine+uric_acid+copper,7.5,1000504,1.0,0.5,0.0,0.0,2.0,0.0
463,DPV,3,23,dopamine+uric_acid+copper,7.5,1000505,5.0,5.0,0.0,0.0,5.0,0.0
464,DPV,3,23,dopamine+uric_acid+copper,7.5,1000506,1.0,0.5,0.0,0.0,2.0,0.0
465,DPV,3,23,dopamine+uric_acid+copper,7.0,1000507,2.0,5.0,0.0,0.0,0.5,0.0
466,DPV,3,23,dopamine+uric_acid+copper,7.5,1000508,2.0,2.0,0.0,0.0,2.0,0.0
467,DPV,3,23,dopamine+uric_acid+copper,8.0,1000509,5.0,0.1,0.0,0.0,0.5,0.0
468,DPV,3,23,dopamine+uric_acid+copper,7.0,1000510,2.0,1.0,0.0,0.0,0.2,0.0
469,DPV,3,23,dopamine+uric_acid+copper,7.0,1000511,0.5,1.0,0.0,0.0,5.0,0.0
470,DPV,3,23,dopamine+uric_acid+copper,6.0,1000512,1.0,2.0,0.0,0.0,0.5,0.0
471,DPV,3,23,dopamine+uric_acid+copper,7.5,1000513,0.1,5.0,0.0,0.0,0.5,0.0
472,DPV,3,23,dopamine+uric_acid+copper,8.0,1000514,0.1,0.2,0.0,0.0,5.0,0.0
473,DPV,3,23,dopamine+uric_acid+copper,7.5,1000515,0.1,1.0,0.0,0.0,0.2,0.0
474,DPV,3,23,dopamine+uric_acid+copper,8.0,1000516,0.5,2.0,0.0,0.0,0.5,0.0
475,DPV,3,23,dopamine+uric_acid+copper,8.0,1000517,2.0,5.0,0.0,0.0,0.2,0.0
476,DPV,3,23,dopamine+uric_acid+copper,7.5,1000518,5.0,0.2,0.0,0.0,0.1,0.0
477,DPV,3,23,dopamine+uric_acid+copper,7.0,1000519,0.5,2.0,0.0,0.0,1.0,0.0
478,DPV,3,23,dopamine+uric_acid+copper,6.0,1000520,0.2,0.1,0.0,0.0,0.1,0.0
479,DPV,3,23,dopamine+uric_acid+copper,6.0,1000521,2.0,5.0,0.0,0.0,1.0,0.0
480,DPV,3,23,dopamine+uric_acid+copper,6.5,1000522,0.1,2.0,0.0,0.0,0.5,0.0
481,DPV,3,24,dopamine+uric_acid+aluminum,7.0,1000523,5.0,2.0,0.0,0.0,0.0,0.2
482,DPV,3,24,dopamine+uric_acid+aluminum,7.5,1000524,1.0,5.0,0.0,0.0,0.0,1.0
483,DPV,3,24,dopamine+uric_acid+aluminum,7.0,1000525,1.0,0.1,0.0,0.0,0.0,5.0
484,DPV,3,24,dopamine+uric_acid+aluminum,6.0,1000526,0.5,1.0,0.0,0.0,0.0,5.0
485,DPV,3,24,dopamine+uric_acid+aluminum,6.5,1000527,0.1,5.0,0.0,0.0,0.0,1.0
486,DPV,3,24,dopamine+uric_acid+aluminum,8.0,1000528,1.0,0.2,0.0,0.0,0.0,0.2
487,DPV,3,24,dopamine+uric_acid+aluminum,8.0,1000529,0.2,2.0,0.0,0.0,0.0,2.0
488,DPV,3,24,dopamine+uric_acid+aluminum,6.5,1000530,2.0,0.1,0.0,0.0,0.0,0.5
489,DPV,3,24,dopamine+uric_acid+aluminum,8.0,1000531,1.0,0.2,0.0,0.0,0.0,1.0
490,DPV,3,24,dopamine+uric_acid+aluminum,7.5,1000532,0.5,0.5,0.0,0.0,0.0,0.2
491,DPV,3,24,dopamine+uric_acid+aluminum,8.0,1000533,1.0,2.0,0.0,0.0,0.0,5.0
492,DPV,3,24,dopamine+uric_acid+aluminum,8.0,1000534,0.1,0.1,0.0,0.0,0.0,0.2
493,DPV,3,24,dopamine+uric_acid+aluminum,7.5,1000535,0.5,1.0,0.0,0.0,0.0,0.5
494,DPV,3,24,dopamine+uric_acid+aluminum,6.5,1000536,5.0,5.0,0.0,0.0,0.0,0.5
495,DPV,3,24,dopamine+uric_acid+aluminum,7.5,1000537,5.0,0.5,0.0,0.0,0.0,1.0
496,DPV,3,24,dopamine+uric_acid+aluminum,6.5,1000538,0.2,1.0,0.0,0.0,0.0,1.0
497,DPV,3,24,dopamine+uric_acid+aluminum,6.5,1000539,2.0,1.0,0.0,0.0,0.0,0.2
498,DPV,3,24,dopamine+uric_acid+aluminum,7.5,1000540,1.0,1.0,0.0,0.0,0.0,0.5
499,DPV,3,24,dopamine+uric_acid+aluminum,7.0,1000541,5.0,0.1,0.0,0.0,0.0,0.5
500,DPV,3,24,dopamine+uric_acid+aluminum,7.0,1000542,0.1,1.0,0.0,0.0,0.0,1.0
501,DPV,3,25,dopamine+ascorbic_acid+glucose,6.5,1000543,5.0,0.0,0.1,5.0,0.0,0.0
502,DPV,3,25,dopamine+ascorbic_acid+glucose,7.0,1000544,2.0,0.0,0.1,2.0,0.0,0.0
503,DPV,3,25,dopamine+ascorbic_acid+glucose,6.0,1000545,2.0,0.0,5.0,2.0,0.0,0.0
504,DPV,3,25,dopamine+ascorbic_acid+glucose,7.5,1000546,1.0,0.0,5.0,5.0,0.0,0.0
505,DPV,3,25,dopamine+ascorbic_acid+glucose,7.0,1000547,0.2,0.0,5.0,1.0,0.0,0.0
506,DPV,3,25,dopamine+ascorbic_acid+glucose,8.0,1000548,5.0,0.0,0.5,5.0,0.0,0.0
507,DPV,3,25,dopamine+ascorbic_acid+glucose,7.0,1000549,0.5,0.0,0.5,2.0,0.0,0.0
508,DPV,3,25,dopamine+ascorbic_acid+glucose,7.0,1000550,0.2,0.0,0.1,0.5,0.0,0.0
509,DPV,3,25,dopamine+ascorbic_acid+glucose,6.0,1000551,0.5,0.0,0.1,0.1,0.0,0.0
510,DPV,3,25,dopamine+ascorbic_acid+glucose,6.0,1000552,5.0,0.0,0.1,0.1,0.0,0.0
511,DPV,3,25,dopamine+ascorbic_acid+glucose,6.5,1000553,0.2,0.0,0.5,5.0,0.0,0.0
512,DPV,3,25,dopamine+ascorbic_acid+glucose,6.5,1000554,0.1,0.0,0.5,2.0,0.0,0.0
513,DPV,3,25,dopamine+ascorbic_acid+glucose,6.5,1000555,1.0,0.0,0.5,1.0,0.0,0.0
514,DPV,3,25,dopamine+ascorbic_acid+glucose,6.5,1000556,2.0,0.0,0.5,2.0,0.0,0.0
515,DPV,3,25,dopamine+ascorbic_acid+glucose,7.5,1000557,2.0,0.0,1.0,1.0,0.0,0.0
516,DPV,3,25,dopamine+ascorbic_acid+glucose,6.0,1000558,2.0,0.0,2.0,2.0,0.0,0.0
517,DPV,3,25,dopamine+ascorbic_acid+glucose,6.5,1000559,5.0,0.0,0.2,2.0,0.0,0.0
518,DPV,3,25,dopamine+ascorbic_acid+glucose,6.0,1000560,1.0,0.0,0.1,0.2,0.0,0.0
519,DPV,3,25,dopamine+ascorbic_acid+glucose,6.5,1000561,2.0,0.0,0.1,0.1,0.0,0.0
520,DPV,3,25,dopamine+ascorbic_acid+glucose,7.5,1000562,2.0,0.0,2.0,2.0,0.0,0.0
521,DPV,3,26,dopamine+ascorbic_acid+copper,6.0,1000563,0.1,0.0,0.5,0.0,1.0,0.0
522,DPV,3,26,dopamine+ascorbic_acid+copper,6.5,1000564,0.2,0.0,5.0,0.0,1.0,0.0
523,DPV,3,26,dopamine+ascorbic_acid+copper,6.0,1000565,0.2,0.0,0.5,0.0,1.0,0.0
524,DPV,3,26,dopamine+ascorbic_acid+copper,8.0,1000566,0.2,0.0,1.0,0.0,0.2,0.0
525,DPV,3,26,dopamine+ascorbic_acid+copper,7.5,1000567,1.0,0.0,0.5,0.0,2.0,0.0
526,DPV,3,26,dopamine+ascorbic_acid+copper,6.5,1000568,5.0,0.0,5.0,0.0,2.0,0.0
527,DPV,3,26,dopamine+ascorbic_acid+copper,6.0,1000569,5.0,0.0,0.2,0.0,0.5,0.0
528,DPV,3,26,dopamine+ascorbic_acid+copper,6.0,1000570,0.5,0.0,0.2,0.0,2.0,0.0
529,DPV,3,26,dopamine+ascorbic_acid+copper,7.0,1000571,1.0,0.0,2.0,0.0,1.0,0.0
530,DPV,3,26,dopamine+ascorbic_acid+copper,7.5,1000572,5.0,0.0,5.0,0.0,0.5,0.0
531,DPV,3,26,dopamine+ascorbic_acid+copper,7.0,1000573,0.1,0.0,2.0,0.0,5.0,0.0
532,DPV,3,26,dopamine+ascorbic_acid+copper,8.0,1000574,0.5,0.0,2.0,0.0,0.1,0.0
533,DPV,3,26,dopamine+ascorbic_acid+copper,6.5,1000575,0.1,0.0,0.2,0.0,1.0,0.0
534,DPV,3,26,dopamine+ascorbic_acid+copper,6.5,1000576,0.5,0.0,0.2,0.0,2.0,0.0
535,DPV,3,26,dopamine+ascorbic_acid+copper,7.0,1000577,0.2,0.0,5.0,0.0,5.0,0.0
536,DPV,3,26,dopamine+ascorbic_acid+copper,6.5,1000578,2.0,0.0,0.2,0.0,0.5,0.0
537,DPV,3,26,dopamine+ascorbic_acid+copper,8.0,1000579,2.0,0.0,0.1,0.0,1.0,0.0
538,DPV,3,26,dopamine+ascorbic_acid+copper,6.0,1000580,1.0,0.0,5.0,0.0,5.0,0.0
539,DPV,3,26,dopamine+ascorbic_acid+copper,7.0,1000581,2.0,0.0,5.0,0.0,5.0,0.0
540,DPV,3,26,dopamine+ascorbic_acid+copper,7.0,1000582,1.0,0.0,0.1,0.0,0.1,0.0
541,DPV,3,27,dopamine+ascorbic_acid+aluminum,6.0,1000583,5.0,0.0,2.0,0.0,0.0,0.2
542,DPV,3,27,dopamine+ascorbic_acid+aluminum,7.0,1000584,0.2,0.0,0.5,0.0,0.0,1.0
543,DPV,3,27,dopamine+ascorbic_acid+aluminum,7.0,1000585,0.2,0.0,0.2,0.0,0.0,1.0
544,DPV,3,27,dopamine+ascorbic_acid+aluminum,6.5,1000586,1.0,0.0,0.5,0.0,0.0,0.5
545,DPV,3,27,dopamine+ascorbic_acid+aluminum,6.0,1000587,0.1,0.0,1.0,0.0,0.0,2.0
546,DPV,3,27,dopamine+ascorbic_acid+aluminum,6.0,1000588,0.1,0.0,0.5,0.0,0.0,5.0
547,DPV,3,27,dopamine+ascorbic_acid+aluminum,6.0,1000589,1.0,0.0,2.0,0.0,0.0,0.5
548,DPV,3,27,dopamine+ascorbic_acid+aluminum,7.0,1000590,5.0,0.0,1.0,0.0,0.0,0.5
549,DPV,3,27,dopamine+ascorbic_acid+aluminum,6.0,1000591,1.0,0.0,5.0,0.0,0.0,2.0
550,DPV,3,27,dopamine+ascorbic_acid+aluminum,8.0,1000592,0.1,0.0,0.1,0.0,0.0,2.0
551,DPV,3,27,dopamine+ascorbic_acid+aluminum,6.5,1000593,0.2,0.0,0.2,0.0,0.0,2.0
552,DPV,3,27,dopamine+ascorbic_acid+aluminum,7.5,1000594,5.0,0.0,0.2,0.0,0.0,1.0
553,DPV,3,27,dopamine+ascorbic_acid+aluminum,7.5,1000595,0.5,0.0,1.0,0.0,0.0,1.0
554,DPV,3,27,dopamine+ascorbic_acid+aluminum,7.0,1000596,0.1,0.0,0.2,0.0,0.0,1.0
555,DPV,3,27,dopamine+ascorbic_acid+aluminum,8.0,1000597,1.0,0.0,0.5,0.0,0.0,0.5
556,DPV,3,27,dopamine+ascorbic_acid+aluminum,6.0,1000598,0.2,0.0,1.0,0.0,0.0,1.0
557,DPV,3,27,dopamine+ascorbic_acid+aluminum,6.5,1000599,1.0,0.0,0.5,0.0,0.0,2.0
558,DPV,3,27,dopamine+ascorbic_acid+aluminum,6.5,1000600,1.0,0.0,1.0,0.0,0.0,1.0
559,DPV,3,27,dopamine+ascorbic_acid+aluminum,6.0,1000601,5.0,0.0,1.0,0.0,0.0,1.0
560,DPV,3,27,dopamine+ascorbic_acid+aluminum,6.5,1000602,1.0,0.0,0.2,0.0,0.0,0.5
561,DPV,3,28,dopamine+glucose+copper,6.5,1000603,0.1,0.0,0.0,0.5,5.0,0.0
562,DPV,3,28,dopamine+glucose+copper,7.5,1000604,5.0,0.0,0.0,0.2,0.2,0.0
563,DPV,3,28,dopamine+glucose+copper,6.5,1000605,0.5,0.0,0.0,2.0,2.0,0.0
564,DPV,3,28,dopamine+glucose+copper,8.0,1000606,2.0,0.0,0.0,2.0,0.5,0.0
565,DPV,3,28,dopamine+glucose+copper,7.5,1000607,2.0,0.0,0.0,0.2,2.0,0.0
566,DPV,3,28,dopamine+glucose+copper,8.0,1000608,5.0,0.0,0.0,5.0,0.2,0.0
567,DPV,3,28,dopamine+glucose+copper,6.0,1000609,5.0,0.0,0.0,1.0,1.0,0.0
568,DPV,3,28,dopamine+glucose+copper,8.0,1000610,0.5,0.0,0.0,1.0,0.1,0.0
569,DPV,3,28,dopamine+glucose+copper,7.5,1000611,0.2,0.0,0.0,2.0,5.0,0.0
570,DPV,3,28,dopamine+glucose+copper,8.0,1000612,5.0,0.0,0.0,2.0,0.2,0.0
571,DPV,3,28,dopamine+glucose+copper,6.5,1000613,1.0,0.0,0.0,5.0,2.0,0.0
572,DPV,3,28,dopamine+glucose+copper,8.0,1000614,0.1,0.0,0.0,0.2,0.2,0.0
573,DPV,3,28,dopamine+glucose+copper,7.0,1000615,0.2,0.0,0.0,0.2,0.2,0.0
574,DPV,3,28,dopamine+glucose+copper,6.0,1000616,2.0,0.0,0.0,1.0,5.0,0.0
575,DPV,3,28,dopamine+glucose+copper,7.0,1000617,0.5,0.0,0.0,0.2,0.5,0.0
576,DPV,3,28,dopamine+glucose+copper,6.0,1000618,0.1,0.0,0.0,0.1,0.5,0.0
577,DPV,3,28,dopamine+glucose+copper,8.0,1000619,0.1,0.0,0.0,0.5,5.0,0.0
578,DPV,3,28,dopamine+glucose+copper,6.5,1000620,1.0,0.0,0.0,0.2,1.0,0.0
579,DPV,3,28,dopamine+glucose+copper,6.5,1000621,0.1,0.0,0.0,5.0,1.0,0.0
580,DPV,3,28,dopamine+glucose+copper,7.0,1000622,5.0,0.0,0.0,0.5,1.0,0.0
581,DPV,3,29,dopamine+glucose+aluminum,7.0,1000623,1.0,0.0,0.0,2.0,0.0,1.0
582,DPV,3,29,dopamine+glucose+aluminum,6.0,1000624,5.0,0.0,0.0,0.1,0.0,0.5
583,DPV,3,29,dopamine+glucose+aluminum,8.0,1000625,0.1,0.0,0.0,2.0,0.0,2.0
584,DPV,3,29,dopamine+glucose+aluminum,8.0,1000626,0.2,0.0,0.0,0.1,0.0,5.0
585,DPV,3,29,dopamine+glucose+aluminum,7.5,1000627,5.0,0.0,0.0,2.0,0.0,1.0
586,DPV,3,29,dopamine+glucose+aluminum,7.5,1000628,5.0,0.0,0.0,0.5,0.0,0.5
587,DPV,3,29,dopamine+glucose+aluminum,7.0,1000629,1.0,0.0,0.0,0.2,0.0,2.0
588,DPV,3,29,dopamine+glucose+aluminum,7.0,1000630,0.1,0.0,0.0,2.0,0.0,0.5
589,DPV,3,29,dopamine+glucose+aluminum,7.0,1000631,5.0,0.0,0.0,2.0,0.0,0.5
590,DPV,3,29,dopamine+glucose+aluminum,6.0,1000632,5.0,0.0,0.0,0.5,0.0,0.5
591,DPV,3,29,dopamine+glucose+aluminum,6.0,1000633,2.0,0.0,0.0,0.5,0.0,1.0
592,DPV,3,29,dopamine+glucose+aluminum,6.5,1000634,0.1,0.0,0.0,2.0,0.0,5.0
593,DPV,3,29,dopamine+glucose+aluminum,7.0,1000635,5.0,0.0,0.0,1.0,0.0,1.0
594,DPV,3,29,dopamine+glucose+aluminum,6.0,1000636,2.0,0.0,0.0,1.0,0.0,0.1
595,DPV,3,29,dopamine+glucose+aluminum,6.0,1000637,5.0,0.0,0.0,0.1,0.0,5.0
596,DPV,3,29,dopamine+glucose+aluminum,8.0,1000638,0.2,0.0,0.0,5.0,0.0,1.0
597,DPV,3,29,dopamine+glucose+aluminum,6.5,1000639,5.0,0.0,0.0,5.0,0.0,1.0
598,DPV,3,29,dopamine+glucose+aluminum,7.0,1000640,1.0,0.0,0.0,2.0,0.0,1.0
599,DPV,3,29,dopamine+glucose+aluminum,7.0,1000641,2.0,0.0,0.0,0.1,0.0,0.5
600,DPV,3,29,dopamine+glucose+aluminum,7.5,1000642,1.0,0.0,0.0,2.0,0.0,5.0
601,DPV,3,30,dopamine+copper+aluminum,7.5,1000643,2.0,0.0,0.0,0.0,0.2,2.0
602,DPV,3,30,dopamine+copper+aluminum,6.5,1000644,5.0,0.0,0.0,0.0,1.0,0.5
603,DPV,3,30,dopamine+copper+aluminum,8.0,1000645,0.2,0.0,0.0,0.0,5.0,5.0
604,DPV,3,30,dopamine+copper+aluminum,6.5,1000646,0.5,0.0,0.0,0.0,2.0,0.5
605,DPV,3,30,dopamine+copper+aluminum,8.0,1000647,0.2,0.0,0.0,0.0,1.0,1.0
606,DPV,3,30,dopamine+copper+aluminum,7.0,1000648,0.5,0.0,0.0,0.0,0.2,1.0
607,DPV,3,30,dopamine+copper+aluminum,6.0,1000649,5.0,0.0,0.0,0.0,0.2,5.0
608,DPV,3,30,dopamine+copper+aluminum,7.5,1000650,0.5,0.0,0.0,0.0,0.1,2.0
609,DPV,3,30,dopamine+copper+aluminum,6.0,1000651,0.5,0.0,0.0,0.0,2.0,0.5
610,DPV,3,30,dopamine+copper+aluminum,7.5,1000652,2.0,0.0,0.0,0.0,2.0,0.5
611,DPV,3,30,dopamine+copper+aluminum,6.0,1000653,1.0,0.0,0.0,0.0,5.0,0.1
612,DPV,3,30,dopamine+copper+aluminum,6.5,1000654,0.1,0.0,0.0,0.0,0.5,1.0
613,DPV,3,30,dopamine+copper+aluminum,7.5,1000655,2.0,0.0,0.0,0.0,2.0,0.2
614,DPV,3,30,dopamine+copper+aluminum,8.0,1000656,2.0,0.0,0.0,0.0,0.5,0.2
615,DPV,3,30,dopamine+copper+aluminum,7.0,1000657,0.2,0.0,0.0,0.0,1.0,2.0
616,DPV,3,30,dopamine+copper+aluminum,6.0,1000658,0.1,0.0,0.0,0.0,0.1,1.0
617,DPV,3,30,dopamine+copper+aluminum,6.5,1000659,0.2,0.0,0.0,0.0,0.2,2.0
618,DPV,3,30,dopamine+copper+aluminum,8.0,1000660,0.2,0.0,0.0,0.0,0.1,2.0
619,DPV,3,30,dopamine+copper+aluminum,7.5,1000661,5.0,0.0,0.0,0.0,5.0,5.0
620,DPV,3,30,dopamine+copper+aluminum,6.0,1000662,2.0,0.0,0.0,0.0,0.2,0.5
621,DPV,3,31,uric_acid+ascorbic_acid+glucose,6.5,1000663,0.0,2.0,0.5,0.1,0.0,0.0
622,DPV,3,31,uric_acid+ascorbic_acid+glucose,6.5,1000664,0.0,2.0,0.1,2.0,0.0,0.0
623,DPV,3,31,uric_acid+ascorbic_acid+glucose,6.0,1000665,0.0,0.1,0.2,0.2,0.0,0.0
624,DPV,3,31,uric_acid+ascorbic_acid+glucose,8.0,1000666,0.0,1.0,0.1,1.0,0.0,0.0
625,DPV,3,31,uric_acid+ascorbic_acid+glucose,7.5,1000667,0.0,0.2,0.2,0.5,0.0,0.0
626,DPV,3,31,uric_acid+ascorbic_acid+glucose,6.0,1000668,0.0,5.0,2.0,0.1,0.0,0.0
627,DPV,3,31,uric_acid+ascorbic_acid+glucose,7.5,1000669,0.0,1.0,0.2,1.0,0.0,0.0
628,DPV,3,31,uric_acid+ascorbic_acid+glucose,7.0,1000670,0.0,0.5,1.0,0.1,0.0,0.0
629,DPV,3,31,uric_acid+ascorbic_acid+glucose,6.0,1000671,0.0,5.0,1.0,0.5,0.0,0.0
630,DPV,3,31,uric_acid+ascorbic_acid+glucose,7.0,1000672,0.0,5.0,0.2,0.5,0.0,0.0
631,DPV,3,31,uric_acid+ascorbic_acid+glucose,6.0,1000673,0.0,0.5,0.5,1.0,0.0,0.0
632,DPV,3,31,uric_acid+ascorbic_acid+glucose,6.5,1000674,0.0,5.0,0.2,0.5,0.0,0.0
633,DPV,3,31,uric_acid+ascorbic_acid+glucose,8.0,1000675,0.0,0.5,2.0,0.1,0.0,0.0
634,DPV,3,31,uric_acid+ascorbic_acid+glucose,7.5,1000676,0.0,0.5,1.0,5.0,0.0,0.0
635,DPV,3,31,uric_acid+ascorbic_acid+glucose,6.0,1000677,0.0,2.0,0.5,0.5,0.0,0.0
636,DPV,3,31,uric_acid+ascorbic_acid+glucose,8.0,1000678,0.0,0.1,0.5,2.0,0.0,0.0
637,DPV,3,31,uric_acid+ascorbic_acid+glucose,7.0,1000679,0.0,0.2,0.1,2.0,0.0,0.0
638,DPV,3,31,uric_acid+ascorbic_acid+glucose,8.0,1000680,0.0,0.2,0.1,5.0,0.0,0.0
639,DPV,3,31,uric_acid+ascorbic_acid+glucose,7.5,1000681,0.0,2.0,1.0,0.5,0.0,0.0
640,DPV,3,31,uric_acid+ascorbic_acid+glucose,6.5,1000682,0.0,2.0,1.0,2.0,0.0,0.0
641,DPV,3,32,uric_acid+ascorbic_acid+copper,7.0,1000683,0.0,0.5,0.5,0.0,2.0,0.0
642,DPV,3,32,uric_acid+ascorbic_acid+copper,7.0,1000684,0.0,2.0,2.0,0.0,0.1,0.0
643,DPV,3,32,uric_acid+ascorbic_acid+copper,7.5,1000685,0.0,2.0,1.0,0.0,0.5,0.0
644,DPV,3,32,uric_acid+ascorbic_acid+copper,6.5,1000686,0.0,0.2,5.0,0.0,0.1,0.0
645,DPV,3,32,uric_acid+ascorbic_acid+copper,6.5,1000687,0.0,5.0,2.0,0.0,0.1,0.0
646,DPV,3,32,uric_acid+ascorbic_acid+copper,6.5,1000688,0.0,0.1,0.5,0.0,0.2,0.0
647,DPV,3,32,uric_acid+ascorbic_acid+copper,6.5,1000689,0.0,5.0,0.5,0.0,5.0,0.0
648,DPV,3,32,uric_acid+ascorbic_acid+copper,6.0,1000690,0.0,1.0,0.1,0.0,0.5,0.0
649,DPV,3,32,uric_acid+ascorbic_acid+copper,6.0,1000691,0.0,2.0,2.0,0.0,0.1,0.0
650,DPV,3,32,uric_acid+ascorbic_acid+copper,8.0,1000692,0.0,2.0,0.2,0.0,0.5,0.0
651,DPV,3,32,uric_acid+ascorbic_acid+copper,6.0,1000693,0.0,1.0,5.0,0.0,0.5,0.0
652,DPV,3,32,uric_acid+ascorbic_acid+copper,8.0,1000694,0.0,2.0,0.1,0.0,1.0,0.0
653,DPV,3,32,uric_acid+ascorbic_acid+copper,6.0,1000695,0.0,1.0,5.0,0.0,0.5,0.0
654,DPV,3,32,uric_acid+ascorbic_acid+copper,7.5,1000696,0.0,1.0,5.0,0.0,5.0,0.0
655,DPV,3,32,uric_acid+ascorbic_acid+copper,6.5,1000697,0.0,1.0,0.2,0.0,0.5,0.0
656,DPV,3,32,uric_acid+ascorbic_acid+copper,7.0,1000698,0.0,2.0,1.0,0.0,5.0,0.0
657,DPV,3,32,uric_acid+ascorbic_acid+copper,6.5,1000699,0.0,0.2,1.0,0.0,2.0,0.0
658,DPV,3,32,uric_acid+ascorbic_acid+copper,7.0,1000700,0.0,1.0,0.5,0.0,0.2,0.0
659,DPV,3,32,uric_acid+ascorbic_acid+copper,7.0,1000701,0.0,0.2,0.5,0.0,1.0,0.0
660,DPV,3,32,uric_acid+ascorbic_acid+copper,7.0,1000702,0.0,0.5,2.0,0.0,0.1,0.0
661,DPV,3,33,uric_acid+ascorbic_acid+aluminum,6.5,1000703,0.0,1.0,2.0,0.0,0.0,2.0
662,DPV,3,33,uric_acid+ascorbic_acid+aluminum,7.0,1000704,0.0,0.5,0.5,0.0,0.0,0.5
663,DPV,3,33,uric_acid+ascorbic_acid+aluminum,8.0,1000705,0.0,2.0,0.5,0.0,0.0,0.1
664,DPV,3,33,uric_acid+ascorbic_acid+aluminum,7.0,1000706,0.0,0.5,2.0,0.0,0.0,5.0
665,DPV,3,33,uric_acid+ascorbic_acid+aluminum,6.5,1000707,0.0,0.1,2.0,0.0,0.0,0.1
666,DPV,3,33,uric_acid+ascorbic_acid+aluminum,6.0,1000708,0.0,0.2,5.0,0.0,0.0,1.0
667,DPV,3,33,uric_acid+ascorbic_acid+aluminum,6.5,1000709,0.0,1.0,0.2,0.0,0.0,1.0
668,DPV,3,33,uric_acid+ascorbic_acid+aluminum,6.0,1000710,0.0,1.0,0.2,0.0,0.0,0.2
669,DPV,3,33,uric_acid+ascorbic_acid+aluminum,6.0,1000711,0.0,5.0,0.5,0.0,0.0,1.0
670,DPV,3,33,uric_acid+ascorbic_acid+aluminum,8.0,1000712,0.0,0.5,0.1,0.0,0.0,0.1
671,DPV,3,33,uric_acid+ascorbic_acid+aluminum,6.0,1000713,0.0,0.1,5.0,0.0,0.0,1.0
672,DPV,3,33,uric_acid+ascorbic_acid+aluminum,7.0,1000714,0.0,2.0,0.2,0.0,0.0,2.0
673,DPV,3,33,uric_acid+ascorbic_acid+aluminum,8.0,1000715,0.0,0.5,1.0,0.0,0.0,5.0
674,DPV,3,33,uric_acid+ascorbic_acid+aluminum,8.0,1000716,0.0,5.0,5.0,0.0,0.0,5.0
675,DPV,3,33,uric_acid+ascorbic_acid+aluminum,6.0,1000717,0.0,0.2,0.1,0.0,0.0,1.0
676,DPV,3,33,uric_acid+ascorbic_acid+aluminum,6.0,1000718,0.0,0.1,0.5,0.0,0.0,2.0
677,DPV,3,33,uric_acid+ascorbic_acid+aluminum,6.5,1000719,0.0,1.0,0.5,0.0,0.0,0.5
678,DPV,3,33,uric_acid+ascorbic_acid+aluminum,7.0,1000720,0.0,2.0,5.0,0.0,0.0,5.0
679,DPV,3,33,uric_acid+ascorbic_acid+aluminum,8.0,1000721,0.0,0.2,0.5,0.0,0.0,5.0
680,DPV,3,33,uric_acid+ascorbic_acid+aluminum,6.5,1000722,0.0,2.0,2.0,0.0,0.0,1.0
681,DPV,3,34,uric_acid+glucose+copper,6.0,1000723,0.0,0.1,0.0,0.2,1.0,0.0
682,DPV,3,34,uric_acid+glucose+copper,6.5,1000724,0.0,0.2,0.0,1.0,2.0,0.0
683,DPV,3,34,uric_acid+glucose+copper,8.0,1000725,0.0,2.0,0.0,2.0,5.0,0.0
684,DPV,3,34,uric_acid+glucose+copper,6.0,1000726,0.0,5.0,0.0,5.0,5.0,0.0
685,DPV,3,34,uric_acid+glucose+copper,6.5,1000727,0.0,0.5,0.0,2.0,1.0,0.0
686,DPV,3,34,uric_acid+glucose+copper,6.0,1000728,0.0,2.0,0.0,5.0,0.2,0.0
687,DPV,3,34,uric_acid+glucose+copper,6.0,1000729,0.0,1.0,0.0,0.2,1.0,0.0
688,DPV,3,34,uric_acid+glucose+copper,8.0,1000730,0.0,5.0,0.0,2.0,2.0,0.0
689,DPV,3,34,uric_acid+glucose+copper,6.0,1000731,0.0,0.2,0.0,5.0,1.0,0.0
690,DPV,3,34,uric_acid+glucose+copper,6.5,1000732,0.0,0.5,0.0,0.1,2.0,0.0
691,DPV,3,34,uric_acid+glucose+copper,8.0,1000733,0.0,0.5,0.0,0.5,0.5,0.0
692,DPV,3,34,uric_acid+glucose+copper,7.5,1000734,0.0,0.5,0.0,2.0,0.5,0.0
693,DPV,3,34,uric_acid+glucose+copper,6.0,1000735,0.0,1.0,0.0,0.1,0.1,0.0
694,DPV,3,34,uric_acid+glucose+copper,7.0,1000736,0.0,0.5,0.0,0.2,0.2,0.0
695,DPV,3,34,uric_acid+glucose+copper,8.0,1000737,0.0,5.0,0.0,0.2,0.1,0.0
696,DPV,3,34,uric_acid+glucose+copper,7.0,1000738,0.0,5.0,0.0,2.0,2.0,0.0
697,DPV,3,34,uric_acid+glucose+copper,7.0,1000739,0.0,0.2,0.0,5.0,0.5,0.0
698,DPV,3,34,uric_acid+glucose+copper,7.0,1000740,0.0,1.0,0.0,0.2,5.0,0.0
699,DPV,3,34,uric_acid+glucose+copper,7.5,1000741,0.0,5.0,0.0,0.2,2.0,0.0
700,DPV,3,34,uric_acid+glucose+copper,6.0,1000742,0.0,0.1,0.0,0.2,5.0,0.0
701,DPV,3,35,uric_acid+glucose+aluminum,8.0,1000743,0.0,0.2,0.0,0.1,0.0,0.5
702,DPV,3,35,uric_acid+glucose+aluminum,8.0,1000744,0.0,0.5,0.0,0.2,0.0,1.0
703,DPV,3,35,uric_acid+glucose+aluminum,6.0,1000745,0.0,0.2,0.0,0.5,0.0,0.5
704,DPV,3,35,uric_acid+glucose+aluminum,8.0,1000746,0.0,2.0,0.0,0.1,0.0,0.2
705,DPV,3,35,uric_acid+glucose+aluminum,8.0,1000747,0.0,5.0,0.0,0.1,0.0,0.2
706,DPV,3,35,uric_acid+glucose+aluminum,7.5,1000748,0.0,5.0,0.0,5.0,0.0,1.0
707,DPV,3,35,uric_acid+glucose+aluminum,6.5,1000749,0.0,0.1,0.0,5.0,0.0,0.5
708,DPV,3,35,uric_acid+glucose+aluminum,7.0,1000750,0.0,2.0,0.0,0.5,0.0,0.1
709,DPV,3,35,uric_acid+glucose+aluminum,8.0,1000751,0.0,0.1,0.0,1.0,0.0,0.5
710,DPV,3,35,uric_acid+glucose+aluminum,6.0,1000752,0.0,0.5,0.0,1.0,0.0,0.1
711,DPV,3,35,uric_acid+glucose+aluminum,8.0,1000753,0.0,0.1,0.0,0.1,0.0,1.0
712,DPV,3,35,uric_acid+glucose+aluminum,8.0,1000754,0.0,1.0,0.0,0.1,0.0,1.0
713,DPV,3,35,uric_acid+glucose+aluminum,7.5,1000755,0.0,0.1,0.0,2.0,0.0,0.2
714,DPV,3,35,uric_acid+glucose+aluminum,6.5,1000756,0.0,0.2,0.0,2.0,0.0,0.5
715,DPV,3,35,uric_acid+glucose+aluminum,7.0,1000757,0.0,1.0,0.0,1.0,0.0,1.0
716,DPV,3,35,uric_acid+glucose+aluminum,6.0,1000758,0.0,2.0,0.0,0.2,0.0,1.0
717,DPV,3,35,uric_acid+glucose+aluminum,8.0,1000759,0.0,2.0,0.0,5.0,0.0,0.1
718,DPV,3,35,uric_acid+glucose+aluminum,6.5,1000760,0.0,0.1,0.0,0.5,0.0,0.5
719,DPV,3,35,uric_acid+glucose+aluminum,6.0,1000761,0.0,5.0,0.0,1.0,0.0,2.0
720,DPV,3,35,uric_acid+glucose+aluminum,7.5,1000762,0.0,2.0,0.0,1.0,0.0,2.0
721,DPV,3,36,uric_acid+copper+aluminum,7.5,1000763,0.0,0.1,0.0,0.0,0.1,2.0
722,DPV,3,36,uric_acid+copper+aluminum,7.5,1000764,0.0,5.0,0.0,0.0,5.0,2.0
723,DPV,3,36,uric_acid+copper+aluminum,6.0,1000765,0.0,5.0,0.0,0.0,5.0,0.1
724,DPV,3,36,uric_acid+copper+aluminum,7.5,1000766,0.0,0.5,0.0,0.0,2.0,5.0
725,DPV,3,36,uric_acid+copper+aluminum,7.5,1000767,0.0,1.0,0.0,0.0,1.0,0.5
726,DPV,3,36,uric_acid+copper+aluminum,7.5,1000768,0.0,0.1,0.0,0.0,2.0,0.1
727,DPV,3,36,uric_acid+copper+aluminum,8.0,1000769,0.0,5.0,0.0,0.0,0.2,5.0
728,DPV,3,36,uric_acid+copper+aluminum,6.5,1000770,0.0,1.0,0.0,0.0,0.1,0.1
729,DPV,3,36,uric_acid+copper+aluminum,6.5,1000771,0.0,0.2,0.0,0.0,2.0,0.5
730,DPV,3,36,uric_acid+copper+aluminum,8.0,1000772,0.0,0.5,0.0,0.0,0.5,0.5
731,DPV,3,36,uric_acid+copper+aluminum,7.0,1000773,0.0,5.0,0.0,0.0,2.0,0.2
732,DPV,3,36,uric_acid+copper+aluminum,7.0,1000774,0.0,0.5,0.0,0.0,0.5,2.0
733,DPV,3,36,uric_acid+copper+aluminum,6.5,1000775,0.0,0.2,0.0,0.0,0.1,0.2
734,DPV,3,36,uric_acid+copper+aluminum,7.5,1000776,0.0,1.0,0.0,0.0,0.1,1.0
735,DPV,3,36,uric_acid+copper+aluminum,7.5,1000777,0.0,2.0,0.0,0.0,0.2,2.0
736,DPV,3,36,uric_acid+copper+aluminum,6.0,1000778,0.0,0.1,0.0,0.0,0.2,0.2
737,DPV,3,36,uric_acid+copper+aluminum,7.0,1000779,0.0,2.0,0.0,0.0,1.0,0.1
738,DPV,3,36,uric_acid+copper+aluminum,8.0,1000780,0.0,5.0,0.0,0.0,0.5,0.5
739,DPV,3,36,uric_acid+copper+aluminum,6.5,1000781,0.0,0.1,0.0,0.0,5.0,0.1
740,DPV,3,36,uric_acid+copper+aluminum,6.5,1000782,0.0,2.0,0.0,0.0,0.2,0.2
741,DPV,3,37,ascorbic_acid+glucose+copper,8.0,1000783,0.0,0.0,1.0,1.0,0.5,0.0
742,DPV,3,37,ascorbic_acid+glucose+copper,6.0,1000784,0.0,0.0,0.2,0.5,1.0,0.0
743,DPV,3,37,ascorbic_acid+glucose+copper,6.5,1000785,0.0,0.0,0.5,0.5,0.5,0.0
744,DPV,3,37,ascorbic_acid+glucose+copper,7.0,1000786,0.0,0.0,5.0,0.1,1.0,0.0
745,DPV,3,37,ascorbic_acid+glucose+copper,7.5,1000787,0.0,0.0,1.0,0.1,0.2,0.0
746,DPV,3,37,ascorbic_acid+glucose+copper,6.0,1000788,0.0,0.0,0.2,1.0,0.1,0.0
747,DPV,3,37,ascorbic_acid+glucose+copper,7.0,1000789,0.0,0.0,1.0,5.0,0.1,0.0
748,DPV,3,37,ascorbic_acid+glucose+copper,6.0,1000790,0.0,0.0,1.0,0.1,5.0,0.0
749,DPV,3,37,ascorbic_acid+glucose+copper,7.5,1000791,0.0,0.0,0.5,0.1,2.0,0.0
750,DPV,3,37,ascorbic_acid+glucose+copper,7.5,1000792,0.0,0.0,0.2,2.0,5.0,0.0
751,DPV,3,37,ascorbic_acid+glucose+copper,7.0,1000793,0.0,0.0,5.0,0.5,0.1,0.0
752,DPV,3,37,ascorbic_acid+glucose+copper,6.5,1000794,0.0,0.0,0.5,0.2,2.0,0.0
753,DPV,3,37,ascorbic_acid+glucose+copper,6.0,1000795,0.0,0.0,0.2,2.0,0.1,0.0
754,DPV,3,37,ascorbic_acid+glucose+copper,8.0,1000796,0.0,0.0,2.0,0.1,5.0,0.0
755,DPV,3,37,ascorbic_acid+glucose+copper,7.5,1000797,0.0,0.0,0.5,0.5,0.1,0.0
756,DPV,3,37,ascorbic_acid+glucose+copper,6.5,1000798,0.0,0.0,0.2,1.0,0.1,0.0
757,DPV,3,37,ascorbic_acid+glucose+copper,7.0,1000799,0.0,0.0,0.2,2.0,5.0,0.0
758,DPV,3,37,ascorbic_acid+glucose+copper,7.5,1000800,0.0,0.0,2.0,0.5,0.1,0.0
759,DPV,3,37,ascorbic_acid+glucose+copper,7.5,1000801,0.0,0.0,1.0,1.0,0.1,0.0
760,DPV,3,37,ascorbic_acid+glucose+copper,7.0,1000802,0.0,0.0,0.1,0.5,1.0,0.0
761,DPV,3,38,ascorbic_acid+glucose+aluminum,6.5,1000803,0.0,0.0,0.2,1.0,0.0,2.0
762,DPV,3,38,ascorbic_acid+glucose+aluminum,7.5,1000804,0.0,0.0,1.0,0.2,0.0,0.2
763,DPV,3,38,ascorbic_acid+glucose+aluminum,7.5,1000805,0.0,0.0,2.0,1.0,0.0,0.5
764,DPV,3,38,ascorbic_acid+glucose+aluminum,7.0,1000806,0.0,0.0,1.0,5.0,0.0,1.0
765,DPV,3,38,ascorbic_acid+glucose+aluminum,6.0,1000807,0.0,0.0,2.0,0.2,0.0,2.0
766,DPV,3,38,ascorbic_acid+glucose+aluminum,7.0,1000808,0.0,0.0,0.5,0.5,0.0,0.1
767,DPV,3,38,ascorbic_acid+glucose+aluminum,7.5,1000809,0.0,0.0,2.0,0.1,0.0,0.2
768,DPV,3,38,ascorbic_acid+glucose+aluminum,8.0,1000810,0.0,0.0,0.5,5.0,0.0,5.0
769,DPV,3,38,ascorbic_acid+glucose+aluminum,7.0,1000811,0.0,0.0,0.5,5.0,0.0,2.0
770,DPV,3,38,ascorbic_acid+glucose+aluminum,6.5,1000812,0.0,0.0,1.0,5.0,0.0,0.1
771,DPV,3,38,ascorbic_acid+glucose+aluminum,7.0,1000813,0.0,0.0,5.0,5.0,0.0,5.0
772,DPV,3,38,ascorbic_acid+glucose+aluminum,6.0,1000814,0.0,0.0,2.0,5.0,0.0,2.0
773,DPV,3,38,ascorbic_acid+glucose+aluminum,6.0,1000815,0.0,0.0,1.0,0.5,0.0,0.5
774,DPV,3,38,ascorbic_acid+glucose+aluminum,7.5,1000816,0.0,0.0,2.0,0.1,0.0,0.5
775,DPV,3,38,ascorbic_acid+glucose+aluminum,8.0,1000817,0.0,0.0,2.0,2.0,0.0,0.5
776,DPV,3,38,ascorbic_acid+glucose+aluminum,8.0,1000818,0.0,0.0,5.0,1.0,0.0,0.2
777,DPV,3,38,ascorbic_acid+glucose+aluminum,7.0,1000819,0.0,0.0,0.2,0.1,0.0,5.0
778,DPV,3,38,ascorbic_acid+glucose+aluminum,6.0,1000820,0.0,0.0,2.0,0.1,0.0,2.0
779,DPV,3,38,ascorbic_acid+glucose+aluminum,8.0,1000821,0.0,0.0,5.0,2.0,0.0,1.0
780,DPV,3,38,ascorbic_acid+glucose+aluminum,7.0,1000822,0.0,0.0,5.0,1.0,0.0,0.2
781,DPV,3,39,ascorbic_acid+copper+aluminum,6.5,1000823,0.0,0.0,0.5,0.0,0.2,2.0
782,DPV,3,39,ascorbic_acid+copper+aluminum,8.0,1000824,0.0,0.0,0.1,0.0,0.5,5.0
783,DPV,3,39,ascorbic_acid+copper+aluminum,7.5,1000825,0.0,0.0,0.2,0.0,0.1,0.1
784,DPV,3,39,ascorbic_acid+copper+aluminum,7.5,1000826,0.0,0.0,0.5,0.0,0.5,0.5
785,DPV,3,39,ascorbic_acid+copper+aluminum,6.5,1000827,0.0,0.0,2.0,0.0,0.1,0.2
786,DPV,3,39,ascorbic_acid+copper+aluminum,8.0,1000828,0.0,0.0,0.5,0.0,1.0,0.5
787,DPV,3,39,ascorbic_acid+copper+aluminum,7.0,1000829,0.0,0.0,0.1,0.0,1.0,5.0
788,DPV,3,39,ascorbic_acid+copper+aluminum,7.0,1000830,0.0,0.0,1.0,0.0,1.0,2.0
789,DPV,3,39,ascorbic_acid+copper+aluminum,7.5,1000831,0.0,0.0,2.0,0.0,2.0,0.2
790,DPV,3,39,ascorbic_acid+copper+aluminum,7.5,1000832,0.0,0.0,0.1,0.0,2.0,0.1
791,DPV,3,39,ascorbic_acid+copper+aluminum,6.0,1000833,0.0,0.0,5.0,0.0,0.2,2.0
792,DPV,3,39,ascorbic_acid+copper+aluminum,6.5,1000834,0.0,0.0,0.2,0.0,0.5,0.1
793,DPV,3,39,ascorbic_acid+copper+aluminum,6.5,1000835,0.0,0.0,0.2,0.0,5.0,1.0
794,DPV,3,39,ascorbic_acid+copper+aluminum,8.0,1000836,0.0,0.0,0.5,0.0,0.2,0.1
795,DPV,3,39,ascorbic_acid+copper+aluminum,7.5,1000837,0.0,0.0,0.2,0.0,0.5,5.0
796,DPV,3,39,ascorbic_acid+copper+aluminum,6.5,1000838,0.0,0.0,0.5,0.0,0.5,5.0
797,DPV,3,39,ascorbic_acid+copper+aluminum,7.5,1000839,0.0,0.0,1.0,0.0,0.2,0.1
798,DPV,3,39,ascorbic_acid+copper+aluminum,7.5,1000840,0.0,0.0,0.2,0.0,5.0,0.1
799,DPV,3,39,ascorbic_acid+copper+aluminum,6.5,1000841,0.0,0.0,2.0,0.0,2.0,0.5
800,DPV,3,39,ascorbic_acid+copper+aluminum,7.0,1000842,0.0,0.0,0.1,0.0,2.0,0.2
801,DPV,3,40,glucose+copper+aluminum,8.0,1000843,0.0,0.0,0.0,0.5,0.2,0.2
802,DPV,3,40,glucose+copper+aluminum,7.0,1000844,0.0,0.0,0.0,0.2,1.0,0.5
803,DPV,3,40,glucose+copper+aluminum,6.0,1000845,0.0,0.0,0.0,1.0,5.0,1.0
804,DPV,3,40,glucose+copper+aluminum,7.5,1000846,0.0,0.0,0.0,0.5,0.2,0.5
805,DPV,3,40,glucose+copper+aluminum,7.0,1000847,0.0,0.0,0.0,0.5,5.0,2.0
806,DPV,3,40,glucose+copper+aluminum,7.0,1000848,0.0,0.0,0.0,0.5,1.0,2.0
807,DPV,3,40,glucose+copper+aluminum,7.5,1000849,0.0,0.0,0.0,0.2,2.0,0.2
808,DPV,3,40,glucose+copper+aluminum,8.0,1000850,0.0,0.0,0.0,0.5,5.0,0.2
809,DPV,3,40,glucose+copper+aluminum,6.5,1000851,0.0,0.0,0.0,1.0,2.0,5.0
810,DPV,3,40,glucose+copper+aluminum,7.0,1000852,0.0,0.0,0.0,0.2,5.0,5.0
811,DPV,3,40,glucose+copper+aluminum,6.0,1000853,0.0,0.0,0.0,5.0,2.0,2.0
812,DPV,3,40,glucose+copper+aluminum,7.5,1000854,0.0,0.0,0.0,2.0,0.1,0.2
813,DPV,3,40,glucose+copper+aluminum,7.0,1000855,0.0,0.0,0.0,0.5,0.2,1.0
814,DPV,3,40,glucose+copper+aluminum,6.5,1000856,0.0,0.0,0.0,2.0,0.5,0.1
815,DPV,3,40,glucose+copper+aluminum,7.5,1000857,0.0,0.0,0.0,0.5,0.2,1.0
816,DPV,3,40,glucose+copper+aluminum,7.0,1000858,0.0,0.0,0.0,0.2,2.0,0.1
817,DPV,3,40,glucose+copper+aluminum,7.0,1000859,0.0,0.0,0.0,2.0,0.1,2.0
818,DPV,3,40,glucose+copper+aluminum,7.0,1000860,0.0,0.0,0.0,2.0,1.0,2.0
819,DPV,3,40,glucose+copper+aluminum,6.5,1000861,0.0,0.0,0.0,0.5,0.5,0.5
820,DPV,3,40,glucose+copper+aluminum,6.0,1000862,0.0,0.0,0.0,1.0,0.2,2.0
821,DPV,4,41,dopamine+uric_acid+ascorbic_acid+glucose,8.0,1000863,5.0,0.2,5.0,0.1,0.0,0.0
822,DPV,4,41,dopamine+uric_acid+ascorbic_acid+glucose,6.0,1000864,1.0,1.0,1.0,0.2,0.0,0.0
823,DPV,4,41,dopamine+uric_acid+ascorbic_acid+glucose,6.5,1000865,0.2,5.0,1.0,5.0,0.0,0.0
824,DPV,4,41,dopamine+uric_acid+ascorbic_acid+glucose,7.5,1000866,0.2,0.5,2.0,0.2,0.0,0.0
825,DPV,4,41,dopamine+uric_acid+ascorbic_acid+glucose,6.0,1000867,5.0,5.0,0.2,2.0,0.0,0.0
826,DPV,4,41,dopamine+uric_acid+ascorbic_acid+glucose,7.5,1000868,2.0,1.0,5.0,0.2,0.0,0.0
827,DPV,4,41,dopamine+uric_acid+ascorbic_acid+glucose,7.5,1000869,0.2,1.0,0.5,1.0,0.0,0.0
828,DPV,4,41,dopamine+uric_acid+ascorbic_acid+glucose,7.5,1000870,0.5,0.1,5.0,2.0,0.0,0.0
829,DPV,4,41,dopamine+uric_acid+ascorbic_acid+glucose,6.5,1000871,1.0,2.0,0.2,0.5,0.0,0.0
830,DPV,4,41,dopamine+uric_acid+ascorbic_acid+glucose,6.0,1000872,1.0,0.1,0.2,5.0,0.0,0.0
831,DPV,4,41,dopamine+uric_acid+ascorbic_acid+glucose,8.0,1000873,2.0,5.0,0.5,1.0,0.0,0.0
832,DPV,4,41,dopamine+uric_acid+ascorbic_acid+glucose,6.5,1000874,2.0,2.0,0.1,2.0,0.0,0.0
833,DPV,4,41,dopamine+uric_acid+ascorbic_acid+glucose,8.0,1000875,2.0,0.5,5.0,2.0,0.0,0.0
834,DPV,4,41,dopamine+uric_acid+ascorbic_acid+glucose,6.0,1000876,0.2,0.1,0.5,2.0,0.0,0.0
835,DPV,4,41,dopamine+uric_acid+ascorbic_acid+glucose,6.0,1000877,5.0,1.0,0.1,5.0,0.0,0.0
836,DPV,4,41,dopamine+uric_acid+ascorbic_acid+glucose,7.5,1000878,0.5,0.1,0.1,0.2,0.0,0.0
837,DPV,4,41,dopamine+uric_acid+ascorbic_acid+glucose,8.0,1000879,1.0,0.2,2.0,5.0,0.0,0.0
838,DPV,4,41,dopamine+uric_acid+ascorbic_acid+glucose,8.0,1000880,0.2,0.5,1.0,0.5,0.0,0.0
839,DPV,4,41,dopamine+uric_acid+ascorbic_acid+glucose,7.5,1000881,0.1,5.0,0.2,5.0,0.0,0.0
840,DPV,4,41,dopamine+uric_acid+ascorbic_acid+glucose,6.5,1000882,2.0,5.0,0.5,1.0,0.0,0.0
841,DPV,4,42,dopamine+uric_acid+ascorbic_acid+copper,8.0,1000883,0.2,2.0,0.5,0.0,1.0,0.0
842,DPV,4,42,dopamine+uric_acid+ascorbic_acid+copper,7.5,1000884,2.0,0.1,0.2,0.0,0.5,0.0
843,DPV,4,42,dopamine+uric_acid+ascorbic_acid+copper,6.0,1000885,5.0,5.0,1.0,0.0,0.2,0.0
844,DPV,4,42,dopamine+uric_acid+ascorbic_acid+copper,6.0,1000886,0.2,1.0,5.0,0.0,0.2,0.0
845,DPV,4,42,dopamine+uric_acid+ascorbic_acid+copper,8.0,1000887,5.0,5.0,0.1,0.0,0.2,0.0
846,DPV,4,42,dopamine+uric_acid+ascorbic_acid+copper,6.5,1000888,2.0,0.2,1.0,0.0,0.1,0.0
847,DPV,4,42,dopamine+uric_acid+ascorbic_acid+copper,7.5,1000889,0.2,0.2,0.5,0.0,0.1,0.0
848,DPV,4,42,dopamine+uric_acid+ascorbic_acid+copper,6.0,1000890,0.1,0.5,0.5,0.0,2.0,0.0
849,DPV,4,42,dopamine+uric_acid+ascorbic_acid+copper,6.5,1000891,5.0,5.0,5.0,0.0,1.0,0.0
850,DPV,4,42,dopamine+uric_acid+ascorbic_acid+copper,6.5,1000892,0.2,0.2,0.1,0.0,5.0,0.0
851,DPV,4,42,dopamine+uric_acid+ascorbic_acid+copper,6.5,1000893,5.0,0.1,1.0,0.0,2.0,0.0
852,DPV,4,42,dopamine+uric_acid+ascorbic_acid+copper,7.5,1000894,2.0,1.0,0.1,0.0,0.1,0.0
853,DPV,4,42,dopamine+uric_acid+ascorbic_acid+copper,8.0,1000895,2.0,2.0,5.0,0.0,0.5,0.0
854,DPV,4,42,dopamine+uric_acid+ascorbic_acid+copper,8.0,1000896,5.0,5.0,0.2,0.0,0.2,0.0
855,DPV,4,42,dopamine+uric_acid+ascorbic_acid+copper,7.5,1000897,0.1,5.0,0.5,0.0,2.0,0.0
856,DPV,4,42,dopamine+uric_acid+ascorbic_acid+copper,6.5,1000898,0.2,0.1,5.0,0.0,0.1,0.0
857,DPV,4,42,dopamine+uric_acid+ascorbic_acid+copper,8.0,1000899,0.1,2.0,5.0,0.0,0.2,0.0
858,DPV,4,42,dopamine+uric_acid+ascorbic_acid+copper,7.0,1000900,1.0,2.0,0.5,0.0,5.0,0.0
859,DPV,4,42,dopamine+uric_acid+ascorbic_acid+copper,7.0,1000901,0.5,1.0,0.2,0.0,5.0,0.0
860,DPV,4,42,dopamine+uric_acid+ascorbic_acid+copper,7.5,1000902,1.0,0.1,2.0,0.0,0.1,0.0
861,DPV,4,43,dopamine+uric_acid+ascorbic_acid+aluminum,7.5,1000903,2.0,0.1,0.1,0.0,0.0,5.0
862,DPV,4,43,dopamine+uric_acid+ascorbic_acid+aluminum,8.0,1000904,0.2,1.0,5.0,0.0,0.0,0.5
863,DPV,4,43,dopamine+uric_acid+ascorbic_acid+aluminum,7.0,1000905,5.0,0.2,0.2,0.0,0.0,0.5
864,DPV,4,43,dopamine+uric_acid+ascorbic_acid+aluminum,7.5,1000906,0.2,0.1,0.1,0.0,0.0,0.1
865,DPV,4,43,dopamine+uric_acid+ascorbic_acid+aluminum,7.5,1000907,1.0,0.2,0.1,0.0,0.0,0.2
866,DPV,4,43,dopamine+uric_acid+ascorbic_acid+aluminum,6.5,1000908,2.0,2.0,0.2,0.0,0.0,0.5
867,DPV,4,43,dopamine+uric_acid+ascorbic_acid+aluminum,6.5,1000909,0.1,0.1,1.0,0.0,0.0,2.0
868,DPV,4,43,dopamine+uric_acid+ascorbic_acid+aluminum,7.5,1000910,5.0,0.5,0.1,0.0,0.0,0.2
869,DPV,4,43,dopamine+uric_acid+ascorbic_acid+aluminum,6.0,1000911,2.0,0.1,2.0,0.0,0.0,0.2
870,DPV,4,43,dopamine+uric_acid+ascorbic_acid+aluminum,6.5,1000912,0.2,5.0,0.2,0.0,0.0,0.5
871,DPV,4,43,dopamine+uric_acid+ascorbic_acid+aluminum,7.5,1000913,1.0,0.5,5.0,0.0,0.0,0.5
872,DPV,4,43,dopamine+uric_acid+ascorbic_acid+aluminum,8.0,1000914,2.0,2.0,0.1,0.0,0.0,0.1
873,DPV,4,43,dopamine+uric_acid+ascorbic_acid+aluminum,7.0,1000915,1.0,0.2,0.5,0.0,0.0,0.1
874,DPV,4,43,dopamine+uric_acid+ascorbic_acid+aluminum,6.5,1000916,2.0,1.0,0.5,0.0,0.0,0.1
875,DPV,4,43,dopamine+uric_acid+ascorbic_acid+aluminum,7.0,1000917,0.2,0.5,5.0,0.0,0.0,2.0
876,DPV,4,43,dopamine+uric_acid+ascorbic_acid+aluminum,7.5,1000918,2.0,1.0,1.0,0.0,0.0,5.0
877,DPV,4,43,dopamine+uric_acid+ascorbic_acid+aluminum,7.0,1000919,0.1,1.0,0.5,0.0,0.0,0.1
878,DPV,4,43,dopamine+uric_acid+ascorbic_acid+aluminum,6.0,1000920,0.1,0.2,1.0,0.0,0.0,0.1
879,DPV,4,43,dopamine+uric_acid+ascorbic_acid+aluminum,7.0,1000921,5.0,0.5,0.1,0.0,0.0,0.5
880,DPV,4,43,dopamine+uric_acid+ascorbic_acid+aluminum,7.0,1000922,1.0,0.5,1.0,0.0,0.0,1.0
881,DPV,4,44,dopamine+uric_acid+glucose+copper,7.5,1000923,0.5,0.1,0.0,0.5,2.0,0.0
882,DPV,4,44,dopamine+uric_acid+glucose+copper,8.0,1000924,0.5,0.2,0.0,1.0,5.0,0.0
883,DPV,4,44,dopamine+uric_acid+glucose+copper,8.0,1000925,2.0,2.0,0.0,1.0,0.1,0.0
884,DPV,4,44,dopamine+uric_acid+glucose+copper,7.5,1000926,0.5,2.0,0.0,1.0,2.0,0.0
885,DPV,4,44,dopamine+uric_acid+glucose+copper,6.5,1000927,5.0,1.0,0.0,0.1,0.2,0.0
886,DPV,4,44,dopamine+uric_acid+glucose+copper,7.0,1000928,0.5,2.0,0.0,0.5,0.1,0.0
887,DPV,4,44,dopamine+uric_acid+glucose+copper,6.0,1000929,0.1,5.0,0.0,2.0,0.5,0.0
888,DPV,4,44,dopamine+uric_acid+glucose+copper,8.0,1000930,5.0,0.1,0.0,0.2,0.1,0.0
889,DPV,4,44,dopamine+uric_acid+glucose+copper,8.0,1000931,0.2,0.2,0.0,5.0,0.2,0.0
890,DPV,4,44,dopamine+uric_acid+glucose+copper,8.0,1000932,5.0,5.0,0.0,0.5,5.0,0.0
891,DPV,4,44,dopamine+uric_acid+glucose+copper,6.5,1000933,5.0,0.5,0.0,0.2,5.0,0.0
892,DPV,4,44,dopamine+uric_acid+glucose+copper,6.5,1000934,5.0,0.5,0.0,1.0,0.1,0.0
893,DPV,4,44,dopamine+uric_acid+glucose+copper,8.0,1000935,0.5,1.0,0.0,0.1,0.2,0.0
894,DPV,4,44,dopamine+uric_acid+glucose+copper,7.0,1000936,0.1,0.5,0.0,5.0,1.0,0.0
895,DPV,4,44,dopamine+uric_acid+glucose+copper,7.5,1000937,5.0,0.5,0.0,1.0,0.2,0.0
896,DPV,4,44,dopamine+uric_acid+glucose+copper,7.0,1000938,0.1,0.2,0.0,5.0,0.1,0.0
897,DPV,4,44,dopamine+uric_acid+glucose+copper,7.0,1000939,0.1,0.1,0.0,0.2,0.2,0.0
898,DPV,4,44,dopamine+uric_acid+glucose+copper,7.5,1000940,0.2,5.0,0.0,0.5,5.0,0.0
899,DPV,4,44,dopamine+uric_acid+glucose+copper,8.0,1000941,1.0,0.5,0.0,2.0,0.5,0.0
900,DPV,4,44,dopamine+uric_acid+glucose+copper,6.5,1000942,0.2,0.2,0.0,0.1,2.0,0.0
901,DPV,4,45,dopamine+uric_acid+glucose+aluminum,8.0,1000943,2.0,2.0,0.0,0.1,0.0,1.0
902,DPV,4,45,dopamine+uric_acid+glucose+aluminum,6.5,1000944,0.1,0.1,0.0,0.1,0.0,0.5
903,DPV,4,45,dopamine+uric_acid+glucose+aluminum,7.0,1000945,1.0,0.5,0.0,0.5,0.0,2.0
904,DPV,4,45,dopamine+uric_acid+glucose+aluminum,8.0,1000946,5.0,2.0,0.0,5.0,0.0,5.0
905,DPV,4,45,dopamine+uric_acid+glucose+aluminum,8.0,1000947,5.0,0.5,0.0,0.2,0.0,5.0
906,DPV,4,45,dopamine+uric_acid+glucose+aluminum,8.0,1000948,0.5,5.0,0.0,5.0,0.0,0.5
907,DPV,4,45,dopamine+uric_acid+glucose+aluminum,6.5,1000949,2.0,2.0,0.0,0.2,0.0,0.2
908,DPV,4,45,dopamine+uric_acid+glucose+aluminum,8.0,1000950,5.0,0.1,0.0,0.5,0.0,5.0
909,DPV,4,45,dopamine+uric_acid+glucose+aluminum,8.0,1000951,5.0,0.2,0.0,0.1,0.0,0.2
910,DPV,4,45,dopamine+uric_acid+glucose+aluminum,8.0,1000952,0.1,0.1,0.0,1.0,0.0,1.0
911,DPV,4,45,dopamine+uric_acid+glucose+aluminum,6.0,1000953,0.2,5.0,0.0,0.2,0.0,0.1
912,DPV,4,45,dopamine+uric_acid+glucose+aluminum,7.5,1000954,5.0,2.0,0.0,0.5,0.0,2.0
913,DPV,4,45,dopamine+uric_acid+glucose+aluminum,8.0,1000955,0.5,0.2,0.0,2.0,0.0,5.0
914,DPV,4,45,dopamine+uric_acid+glucose+aluminum,7.5,1000956,0.5,2.0,0.0,5.0,0.0,5.0
915,DPV,4,45,dopamine+uric_acid+glucose+aluminum,6.5,1000957,0.5,0.2,0.0,1.0,0.0,0.5
916,DPV,4,45,dopamine+uric_acid+glucose+aluminum,7.5,1000958,0.2,5.0,0.0,2.0,0.0,0.5
917,DPV,4,45,dopamine+uric_acid+glucose+aluminum,6.0,1000959,0.1,0.1,0.0,0.1,0.0,5.0
918,DPV,4,45,dopamine+uric_acid+glucose+aluminum,7.0,1000960,2.0,0.1,0.0,0.5,0.0,1.0
919,DPV,4,45,dopamine+uric_acid+glucose+aluminum,7.5,1000961,0.2,0.1,0.0,2.0,0.0,0.5
920,DPV,4,45,dopamine+uric_acid+glucose+aluminum,7.0,1000962,1.0,2.0,0.0,2.0,0.0,0.2
921,DPV,4,46,dopamine+uric_acid+copper+aluminum,7.5,1000963,2.0,0.5,0.0,0.0,2.0,5.0
922,DPV,4,46,dopamine+uric_acid+copper+aluminum,6.5,1000964,1.0,2.0,0.0,0.0,5.0,5.0
923,DPV,4,46,dopamine+uric_acid+copper+aluminum,7.5,1000965,5.0,1.0,0.0,0.0,1.0,0.1
924,DPV,4,46,dopamine+uric_acid+copper+aluminum,7.5,1000966,0.1,0.5,0.0,0.0,1.0,0.2
925,DPV,4,46,dopamine+uric_acid+copper+aluminum,7.5,1000967,1.0,0.5,0.0,0.0,0.2,0.2
926,DPV,4,46,dopamine+uric_acid+copper+aluminum,6.5,1000968,5.0,0.5,0.0,0.0,0.5,0.5
927,DPV,4,46,dopamine+uric_acid+copper+aluminum,6.5,1000969,0.1,5.0,0.0,0.0,1.0,5.0
928,DPV,4,46,dopamine+uric_acid+copper+aluminum,6.5,1000970,5.0,0.5,0.0,0.0,2.0,1.0
929,DPV,4,46,dopamine+uric_acid+copper+aluminum,7.0,1000971,2.0,2.0,0.0,0.0,2.0,0.2
930,DPV,4,46,dopamine+uric_acid+copper+aluminum,7.0,1000972,2.0,0.5,0.0,0.0,2.0,5.0
931,DPV,4,46,dopamine+uric_acid+copper+aluminum,6.5,1000973,1.0,2.0,0.0,0.0,1.0,1.0
932,DPV,4,46,dopamine+uric_acid+copper+aluminum,7.0,1000974,0.1,5.0,0.0,0.0,2.0,0.2
933,DPV,4,46,dopamine+uric_acid+copper+aluminum,6.5,1000975,0.1,0.5,0.0,0.0,0.1,5.0
934,DPV,4,46,dopamine+uric_acid+copper+aluminum,6.5,1000976,1.0,5.0,0.0,0.0,5.0,0.2
935,DPV,4,46,dopamine+uric_acid+copper+aluminum,7.5,1000977,5.0,5.0,0.0,0.0,5.0,5.0
936,DPV,4,46,dopamine+uric_acid+copper+aluminum,8.0,1000978,2.0,0.2,0.0,0.0,5.0,2.0
937,DPV,4,46,dopamine+uric_acid+copper+aluminum,6.5,1000979,0.1,0.2,0.0,0.0,1.0,1.0
938,DPV,4,46,dopamine+uric_acid+copper+aluminum,8.0,1000980,5.0,5.0,0.0,0.0,0.1,0.1
939,DPV,4,46,dopamine+uric_acid+copper+aluminum,7.0,1000981,2.0,5.0,0.0,0.0,5.0,0.5
940,DPV,4,46,dopamine+uric_acid+copper+aluminum,6.0,1000982,0.1,1.0,0.0,0.0,1.0,1.0
941,DPV,4,47,dopamine+ascorbic_acid+glucose+copper,6.5,1000983,1.0,0.0,0.1,0.5,2.0,0.0
942,DPV,4,47,dopamine+ascorbic_acid+glucose+copper,6.0,1000984,0.2,0.0,0.5,0.1,2.0,0.0
943,DPV,4,47,dopamine+ascorbic_acid+glucose+copper,6.0,1000985,5.0,0.0,5.0,2.0,0.2,0.0
944,DPV,4,47,dopamine+ascorbic_acid+glucose+copper,6.5,1000986,0.1,0.0,5.0,0.5,2.0,0.0
945,DPV,4,47,dopamine+ascorbic_acid+glucose+copper,7.0,1000987,0.2,0.0,1.0,0.5,1.0,0.0
946,DPV,4,47,dopamine+ascorbic_acid+glucose+copper,7.5,1000988,1.0,0.0,0.5,0.5,5.0,0.0
947,DPV,4,47,dopamine+ascorbic_acid+glucose+copper,6.0,1000989,0.2,0.0,0.5,5.0,5.0,0.0
948,DPV,4,47,dopamine+ascorbic_acid+glucose+copper,8.0,1000990,2.0,0.0,0.5,2.0,2.0,0.0
949,DPV,4,47,dopamine+ascorbic_acid+glucose+copper,6.5,1000991,1.0,0.0,0.1,1.0,0.5,0.0
950,DPV,4,47,dopamine+ascorbic_acid+glucose+copper,6.0,1000992,1.0,0.0,0.2,5.0,5.0,0.0
951,DPV,4,47,dopamine+ascorbic_acid+glucose+copper,7.5,1000993,1.0,0.0,5.0,1.0,2.0,0.0
952,DPV,4,47,dopamine+ascorbic_acid+glucose+copper,7.5,1000994,0.5,0.0,1.0,0.5,0.5,0.0
953,DPV,4,47,dopamine+ascorbic_acid+glucose+copper,7.5,1000995,1.0,0.0,0.2,1.0,1.0,0.0
954,DPV,4,47,dopamine+ascorbic_acid+glucose+copper,6.0,1000996,0.5,0.0,5.0,0.2,0.5,0.0
955,DPV,4,47,dopamine+ascorbic_acid+glucose+copper,6.0,1000997,0.2,0.0,5.0,0.2,0.1,0.0
956,DPV,4,47,dopamine+ascorbic_acid+glucose+copper,6.5,1000998,0.1,0.0,5.0,1.0,1.0,0.0
957,DPV,4,47,dopamine+ascorbic_acid+glucose+copper,7.0,1000999,2.0,0.0,0.1,2.0,1.0,0.0
958,DPV,4,47,dopamine+ascorbic_acid+glucose+copper,8.0,1001000,0.2,0.0,5.0,0.2,2.0,0.0
959,DPV,4,47,dopamine+ascorbic_acid+glucose+copper,6.5,1001001,0.2,0.0,2.0,0.1,0.2,0.0
960,DPV,4,47,dopamine+ascorbic_acid+glucose+copper,6.0,1001002,0.1,0.0,0.2,0.5,0.2,0.0
961,DPV,4,48,dopamine+ascorbic_acid+glucose+aluminum,8.0,1001003,1.0,0.0,0.1,5.0,0.0,0.1
962,DPV,4,48,dopamine+ascorbic_acid+glucose+aluminum,6.0,1001004,5.0,0.0,0.5,5.0,0.0,0.1
963,DPV,4,48,dopamine+ascorbic_acid+glucose+aluminum,6.0,1001005,5.0,0.0,0.5,0.2,0.0,0.5
964,DPV,4,48,dopamine+ascorbic_acid+glucose+aluminum,7.0,1001006,5.0,0.0,0.5,5.0,0.0,0.1
965,DPV,4,48,dopamine+ascorbic_acid+glucose+aluminum,7.0,1001007,0.1,0.0,0.5,1.0,0.0,5.0
966,DPV,4,48,dopamine+ascorbic_acid+glucose+aluminum,7.5,1001008,0.2,0.0,5.0,0.2,0.0,0.1
967,DPV,4,48,dopamine+ascorbic_acid+glucose+aluminum,8.0,1001009,5.0,0.0,2.0,5.0,0.0,0.1
968,DPV,4,48,dopamine+ascorbic_acid+glucose+aluminum,8.0,1001010,2.0,0.0,0.2,0.2,0.0,0.5
969,DPV,4,48,dopamine+ascorbic_acid+glucose+aluminum,6.5,1001011,0.1,0.0,0.5,0.2,0.0,0.1
970,DPV,4,48,dopamine+ascorbic_acid+glucose+aluminum,8.0,1001012,5.0,0.0,1.0,1.0,0.0,2.0
971,DPV,4,48,dopamine+ascorbic_acid+glucose+aluminum,7.5,1001013,0.5,0.0,0.2,5.0,0.0,0.5
972,DPV,4,48,dopamine+ascorbic_acid+glucose+aluminum,6.0,1001014,1.0,0.0,0.5,1.0,0.0,0.5
973,DPV,4,48,dopamine+ascorbic_acid+glucose+aluminum,8.0,1001015,1.0,0.0,1.0,1.0,0.0,0.2
974,DPV,4,48,dopamine+ascorbic_acid+glucose+aluminum,6.0,1001016,1.0,0.0,2.0,1.0,0.0,0.5
975,DPV,4,48,dopamine+ascorbic_acid+glucose+aluminum,7.0,1001017,0.1,0.0,1.0,1.0,0.0,0.5
976,DPV,4,48,dopamine+ascorbic_acid+glucose+aluminum,7.5,1001018,0.2,0.0,0.5,0.5,0.0,2.0
977,DPV,4,48,dopamine+ascorbic_acid+glucose+aluminum,6.5,1001019,0.1,0.0,0.1,0.5,0.0,0.2
978,DPV,4,48,dopamine+ascorbic_acid+glucose+aluminum,6.5,1001020,0.2,0.0,2.0,1.0,0.0,0.2
979,DPV,4,48,dopamine+ascorbic_acid+glucose+aluminum,7.0,1001021,1.0,0.0,0.5,0.1,0.0,5.0
980,DPV,4,48,dopamine+ascorbic_acid+glucose+aluminum,8.0,1001022,5.0,0.0,0.5,0.2,0.0,5.0
981,DPV,4,49,dopamine+ascorbic_acid+copper+aluminum,6.5,1001023,2.0,0.0,0.1,0.0,1.0,1.0
982,DPV,4,49,dopamine+ascorbic_acid+copper+aluminum,7.5,1001024,0.2,0.0,0.5,0.0,0.1,1.0
983,DPV,4,49,dopamine+ascorbic_acid+copper+aluminum,7.0,1001025,5.0,0.0,0.2,0.0,0.5,0.2
984,DPV,4,49,dopamine+ascorbic_acid+copper+aluminum,6.0,1001026,0.5,0.0,2.0,0.0,0.1,5.0
985,DPV,4,49,dopamine+ascorbic_acid+copper+aluminum,7.5,1001027,0.1,0.0,0.1,0.0,1.0,5.0
986,DPV,4,49,dopamine+ascorbic_acid+copper+aluminum,8.0,1001028,0.2,0.0,0.1,0.0,2.0,2.0
987,DPV,4,49,dopamine+ascorbic_acid+copper+aluminum,7.0,1001029,0.2,0.0,2.0,0.0,5.0,5.0
988,DPV,4,49,dopamine+ascorbic_acid+copper+aluminum,6.0,1001030,0.5,0.0,0.2,0.0,2.0,5.0
989,DPV,4,49,dopamine+ascorbic_acid+copper+aluminum,6.0,1001031,5.0,0.0,5.0,0.0,0.2,5.0
990,DPV,4,49,dopamine+ascorbic_acid+copper+aluminum,7.0,1001032,0.2,0.0,2.0,0.0,0.5,0.2
991,DPV,4,49,dopamine+ascorbic_acid+copper+aluminum,7.0,1001033,0.5,0.0,0.5,0.0,0.2,0.5
992,DPV,4,49,dopamine+ascorbic_acid+copper+aluminum,7.0,1001034,2.0,0.0,0.5,0.0,1.0,1.0
993,DPV,4,49,dopamine+ascorbic_acid+copper+aluminum,6.5,1001035,0.2,0.0,5.0,0.0,5.0,0.2
994,DPV,4,49,dopamine+ascorbic_acid+copper+aluminum,7.0,1001036,1.0,0.0,0.1,0.0,1.0,0.1
995,DPV,4,49,dopamine+ascorbic_acid+copper+aluminum,6.5,1001037,1.0,0.0,0.5,0.0,2.0,1.0
996,DPV,4,49,dopamine+ascorbic_acid+copper+aluminum,7.5,1001038,5.0,0.0,0.5,0.0,0.2,0.2
997,DPV,4,49,dopamine+ascorbic_acid+copper+aluminum,7.5,1001039,5.0,0.0,0.2,0.0,0.2,0.1
998,DPV,4,49,dopamine+ascorbic_acid+copper+aluminum,7.5,1001040,1.0,0.0,0.2,0.0,0.2,0.5
999,DPV,4,49,dopamine+ascorbic_acid+copper+aluminum,6.0,1001041,0.1,0.0,1.0,0.0,2.0,0.1
1000,DPV,4,49,dopamine+ascorbic_acid+copper+aluminum,8.0,1001042,0.5,0.0,0.5,0.0,1.0,2.0
1001,DPV,4,50,dopamine+glucose+copper+aluminum,6.0,1001043,0.1,0.0,0.0,2.0,0.5,0.2
1002,DPV,4,50,dopamine+glucose+copper+aluminum,8.0,1001044,5.0,0.0,0.0,0.2,2.0,5.0
1003,DPV,4,50,dopamine+glucose+copper+aluminum,6.0,1001045,0.1,0.0,0.0,0.1,2.0,1.0
1004,DPV,4,50,dopamine+glucose+copper+aluminum,7.0,1001046,2.0,0.0,0.0,5.0,0.1,0.1
1005,DPV,4,50,dopamine+glucose+copper+aluminum,6.0,1001047,5.0,0.0,0.0,1.0,0.2,0.5
1006,DPV,4,50,dopamine+glucose+copper+aluminum,6.0,1001048,0.2,0.0,0.0,2.0,0.5,2.0
1007,DPV,4,50,dopamine+glucose+copper+aluminum,7.5,1001049,0.2,0.0,0.0,0.1,2.0,1.0
1008,DPV,4,50,dopamine+glucose+copper+aluminum,7.5,1001050,5.0,0.0,0.0,1.0,0.2,0.5
1009,DPV,4,50,dopamine+glucose+copper+aluminum,6.0,1001051,1.0,0.0,0.0,0.1,0.5,1.0
1010,DPV,4,50,dopamine+glucose+copper+aluminum,8.0,1001052,1.0,0.0,0.0,0.5,0.2,5.0
1011,DPV,4,50,dopamine+glucose+copper+aluminum,6.5,1001053,5.0,0.0,0.0,0.1,0.2,1.0
1012,DPV,4,50,dopamine+glucose+copper+aluminum,6.5,1001054,5.0,0.0,0.0,5.0,0.2,5.0
1013,DPV,4,50,dopamine+glucose+copper+aluminum,6.5,1001055,5.0,0.0,0.0,0.5,5.0,0.1
1014,DPV,4,50,dopamine+glucose+copper+aluminum,7.0,1001056,0.1,0.0,0.0,0.1,0.2,5.0
1015,DPV,4,50,dopamine+glucose+copper+aluminum,6.0,1001057,1.0,0.0,0.0,0.1,0.5,5.0
1016,DPV,4,50,dopamine+glucose+copper+aluminum,7.0,1001058,1.0,0.0,0.0,5.0,0.1,0.5
1017,DPV,4,50,dopamine+glucose+copper+aluminum,6.5,1001059,0.2,0.0,0.0,0.2,1.0,0.2
1018,DPV,4,50,dopamine+glucose+copper+aluminum,6.0,1001060,0.2,0.0,0.0,2.0,1.0,1.0
1019,DPV,4,50,dopamine+glucose+copper+aluminum,6.5,1001061,5.0,0.0,0.0,0.1,0.5,5.0
1020,DPV,4,50,dopamine+glucose+copper+aluminum,7.5,1001062,0.1,0.0,0.0,0.5,0.2,2.0
1021,DPV,4,51,uric_acid+ascorbic_acid+glucose+copper,7.5,1001063,0.0,0.2,0.2,5.0,0.2,0.0
1022,DPV,4,51,uric_acid+ascorbic_acid+glucose+copper,6.5,1001064,0.0,5.0,2.0,0.5,0.2,0.0
1023,DPV,4,51,uric_acid+ascorbic_acid+glucose+copper,6.5,1001065,0.0,5.0,5.0,0.1,5.0,0.0
1024,DPV,4,51,uric_acid+ascorbic_acid+glucose+copper,7.5,1001066,0.0,0.2,0.2,1.0,5.0,0.0
1025,DPV,4,51,uric_acid+ascorbic_acid+glucose+copper,7.5,1001067,0.0,2.0,1.0,5.0,0.5,0.0
1026,DPV,4,51,uric_acid+ascorbic_acid+glucose+copper,8.0,1001068,0.0,0.1,5.0,0.2,0.5,0.0
1027,DPV,4,51,uric_acid+ascorbic_acid+glucose+copper,8.0,1001069,0.0,1.0,0.2,0.2,1.0,0.0
1028,DPV,4,51,uric_acid+ascorbic_acid+glucose+copper,8.0,1001070,0.0,1.0,0.1,0.2,0.2,0.0
1029,DPV,4,51,uric_acid+ascorbic_acid+glucose+copper,8.0,1001071,0.0,0.2,0.1,2.0,0.2,0.0
1030,DPV,4,51,uric_acid+ascorbic_acid+glucose+copper,7.0,1001072,0.0,2.0,1.0,0.1,5.0,0.0
1031,DPV,4,51,uric_acid+ascorbic_acid+glucose+copper,6.5,1001073,0.0,0.2,2.0,0.5,2.0,0.0
1032,DPV,4,51,uric_acid+ascorbic_acid+glucose+copper,6.5,1001074,0.0,1.0,0.2,5.0,1.0,0.0
1033,DPV,4,51,uric_acid+ascorbic_acid+glucose+copper,6.5,1001075,0.0,2.0,0.2,1.0,0.1,0.0
1034,DPV,4,51,uric_acid+ascorbic_acid+glucose+copper,7.5,1001076,0.0,0.2,5.0,5.0,0.1,0.0
1035,DPV,4,51,uric_acid+ascorbic_acid+glucose+copper,7.5,1001077,0.0,1.0,1.0,0.2,0.1,0.0
1036,DPV,4,51,uric_acid+ascorbic_acid+glucose+copper,8.0,1001078,0.0,0.5,5.0,0.2,0.2,0.0
1037,DPV,4,51,uric_acid+ascorbic_acid+glucose+copper,6.0,1001079,0.0,2.0,5.0,2.0,1.0,0.0
1038,DPV,4,51,uric_acid+ascorbic_acid+glucose+copper,7.0,1001080,0.0,0.2,0.1,5.0,0.5,0.0
1039,DPV,4,51,uric_acid+ascorbic_acid+glucose+copper,6.5,1001081,0.0,0.2,5.0,0.5,0.5,0.0
1040,DPV,4,51,uric_acid+ascorbic_acid+glucose+copper,8.0,1001082,0.0,0.1,0.1,5.0,1.0,0.0
1041,DPV,4,52,uric_acid+ascorbic_acid+glucose+aluminum,6.5,1001083,0.0,5.0,0.5,0.5,0.0,0.2
1042,DPV,4,52,uric_acid+ascorbic_acid+glucose+aluminum,6.0,1001084,0.0,0.1,0.2,1.0,0.0,0.1
1043,DPV,4,52,uric_acid+ascorbic_acid+glucose+aluminum,7.0,1001085,0.0,0.2,5.0,0.5,0.0,1.0
1044,DPV,4,52,uric_acid+ascorbic_acid+glucose+aluminum,8.0,1001086,0.0,5.0,5.0,2.0,0.0,5.0
1045,DPV,4,52,uric_acid+ascorbic_acid+glucose+aluminum,8.0,1001087,0.0,0.2,2.0,5.0,0.0,2.0
1046,DPV,4,52,uric_acid+ascorbic_acid+glucose+aluminum,6.0,1001088,0.0,0.1,0.1,0.5,0.0,1.0
1047,DPV,4,52,uric_acid+ascorbic_acid+glucose+aluminum,6.5,1001089,0.0,0.5,0.2,0.5,0.0,1.0
1048,DPV,4,52,uric_acid+ascorbic_acid+glucose+aluminum,6.0,1001090,0.0,1.0,0.2,0.5,0.0,5.0
1049,DPV,4,52,uric_acid+ascorbic_acid+glucose+aluminum,6.5,1001091,0.0,0.2,0.2,0.2,0.0,0.2
1050,DPV,4,52,uric_acid+ascorbic_acid+glucose+aluminum,7.0,1001092,0.0,2.0,5.0,2.0,0.0,0.1
1051,DPV,4,52,uric_acid+ascorbic_acid+glucose+aluminum,6.5,1001093,0.0,0.1,5.0,0.1,0.0,0.5
1052,DPV,4,52,uric_acid+ascorbic_acid+glucose+aluminum,6.0,1001094,0.0,5.0,1.0,5.0,0.0,0.5
1053,DPV,4,52,uric_acid+ascorbic_acid+glucose+aluminum,7.0,1001095,0.0,0.2,5.0,0.2,0.0,0.5
1054,DPV,4,52,uric_acid+ascorbic_acid+glucose+aluminum,6.0,1001096,0.0,2.0,2.0,0.1,0.0,2.0
1055,DPV,4,52,uric_acid+ascorbic_acid+glucose+aluminum,6.5,1001097,0.0,2.0,0.5,1.0,0.0,1.0
1056,DPV,4,52,uric_acid+ascorbic_acid+glucose+aluminum,6.0,1001098,0.0,1.0,2.0,5.0,0.0,0.5
1057,DPV,4,52,uric_acid+ascorbic_acid+glucose+aluminum,6.0,1001099,0.0,0.5,5.0,0.5,0.0,5.0
1058,DPV,4,52,uric_acid+ascorbic_acid+glucose+aluminum,7.0,1001100,0.0,5.0,0.1,0.2,0.0,0.1
1059,DPV,4,52,uric_acid+ascorbic_acid+glucose+aluminum,8.0,1001101,0.0,0.2,0.5,2.0,0.0,2.0
1060,DPV,4,52,uric_acid+ascorbic_acid+glucose+aluminum,7.5,1001102,0.0,0.5,1.0,5.0,0.0,5.0
1061,DPV,4,53,uric_acid+ascorbic_acid+copper+aluminum,6.0,1001103,0.0,0.5,1.0,0.0,1.0,0.1
1062,DPV,4,53,uric_acid+ascorbic_acid+copper+aluminum,6.0,1001104,0.0,0.1,0.2,0.0,5.0,5.0
1063,DPV,4,53,uric_acid+ascorbic_acid+copper+aluminum,6.5,1001105,0.0,0.1,0.1,0.0,5.0,0.2
1064,DPV,4,53,uric_acid+ascorbic_acid+copper+aluminum,7.5,1001106,0.0,2.0,0.2,0.0,2.0,5.0
1065,DPV,4,53,uric_acid+ascorbic_acid+copper+aluminum,7.5,1001107,0.0,0.1,0.1,0.0,1.0,0.1
1066,DPV,4,53,uric_acid+ascorbic_acid+copper+aluminum,8.0,1001108,0.0,0.5,0.2,0.0,1.0,2.0
1067,DPV,4,53,uric_acid+ascorbic_acid+copper+aluminum,6.5,1001109,0.0,1.0,0.5,0.0,0.2,5.0
1068,DPV,4,53,uric_acid+ascorbic_acid+copper+aluminum,6.0,1001110,0.0,1.0,5.0,0.0,0.2,0.5
1069,DPV,4,53,uric_acid+ascorbic_acid+copper+aluminum,6.0,1001111,0.0,0.1,1.0,0.0,5.0,2.0
1070,DPV,4,53,uric_acid+ascorbic_acid+copper+aluminum,6.0,1001112,0.0,5.0,2.0,0.0,2.0,5.0
1071,DPV,4,53,uric_acid+ascorbic_acid+copper+aluminum,6.0,1001113,0.0,2.0,5.0,0.0,2.0,1.0
1072,DPV,4,53,uric_acid+ascorbic_acid+copper+aluminum,8.0,1001114,0.0,0.5,0.5,0.0,2.0,0.1
1073,DPV,4,53,uric_acid+ascorbic_acid+copper+aluminum,6.5,1001115,0.0,0.2,0.1,0.0,0.2,0.1
1074,DPV,4,53,uric_acid+ascorbic_acid+copper+aluminum,8.0,1001116,0.0,1.0,1.0,0.0,0.5,0.2
1075,DPV,4,53,uric_acid+ascorbic_acid+copper+aluminum,7.0,1001117,0.0,0.5,5.0,0.0,0.2,0.5
1076,DPV,4,53,uric_acid+ascorbic_acid+copper+aluminum,7.0,1001118,0.0,0.1,2.0,0.0,5.0,1.0
1077,DPV,4,53,uric_acid+ascorbic_acid+copper+aluminum,7.0,1001119,0.0,0.5,5.0,0.0,2.0,0.1
1078,DPV,4,53,uric_acid+ascorbic_acid+copper+aluminum,8.0,1001120,0.0,1.0,0.2,0.0,0.2,5.0
1079,DPV,4,53,uric_acid+ascorbic_acid+copper+aluminum,6.0,1001121,0.0,0.2,0.2,0.0,0.5,1.0
1080,DPV,4,53,uric_acid+ascorbic_acid+copper+aluminum,6.0,1001122,0.0,0.1,0.2,0.0,0.2,2.0
1081,DPV,4,54,uric_acid+glucose+copper+aluminum,7.0,1001123,0.0,1.0,0.0,1.0,5.0,5.0
1082,DPV,4,54,uric_acid+glucose+copper+aluminum,6.5,1001124,0.0,1.0,0.0,5.0,2.0,5.0
1083,DPV,4,54,uric_acid+glucose+copper+aluminum,7.0,1001125,0.0,0.2,0.0,1.0,1.0,0.5
1084,DPV,4,54,uric_acid+glucose+copper+aluminum,7.5,1001126,0.0,2.0,0.0,0.2,5.0,2.0
1085,DPV,4,54,uric_acid+glucose+copper+aluminum,7.0,1001127,0.0,0.2,0.0,2.0,5.0,2.0
1086,DPV,4,54,uric_acid+glucose+copper+aluminum,6.5,1001128,0.0,1.0,0.0,2.0,5.0,5.0
1087,DPV,4,54,uric_acid+glucose+copper+aluminum,6.5,1001129,0.0,2.0,0.0,1.0,0.2,0.1
1088,DPV,4,54,uric_acid+glucose+copper+aluminum,7.5,1001130,0.0,5.0,0.0,2.0,1.0,5.0
1089,DPV,4,54,uric_acid+glucose+copper+aluminum,6.5,1001131,0.0,0.1,0.0,0.2,0.5,0.1
1090,DPV,4,54,uric_acid+glucose+copper+aluminum,7.0,1001132,0.0,2.0,0.0,0.1,2.0,0.2
1091,DPV,4,54,uric_acid+glucose+copper+aluminum,7.0,1001133,0.0,2.0,0.0,2.0,2.0,1.0
1092,DPV,4,54,uric_acid+glucose+copper+aluminum,7.5,1001134,0.0,2.0,0.0,5.0,2.0,0.5
1093,DPV,4,54,uric_acid+glucose+copper+aluminum,7.5,1001135,0.0,5.0,0.0,0.5,0.2,0.2
1094,DPV,4,54,uric_acid+glucose+copper+aluminum,7.0,1001136,0.0,2.0,0.0,0.5,2.0,0.5
1095,DPV,4,54,uric_acid+glucose+copper+aluminum,6.5,1001137,0.0,1.0,0.0,2.0,5.0,1.0
1096,DPV,4,54,uric_acid+glucose+copper+aluminum,6.5,1001138,0.0,0.1,0.0,0.1,0.5,0.2
1097,DPV,4,54,uric_acid+glucose+copper+aluminum,7.0,1001139,0.0,0.2,0.0,0.5,0.5,0.5
1098,DPV,4,54,uric_acid+glucose+copper+aluminum,6.5,1001140,0.0,1.0,0.0,0.5,0.5,0.2
1099,DPV,4,54,uric_acid+glucose+copper+aluminum,7.5,1001141,0.0,5.0,0.0,0.5,1.0,1.0
1100,DPV,4,54,uric_acid+glucose+copper+aluminum,6.5,1001142,0.0,1.0,0.0,2.0,0.5,0.2
1101,DPV,4,55,ascorbic_acid+glucose+copper+aluminum,7.5,1001143,0.0,0.0,0.1,5.0,5.0,2.0
1102,DPV,4,55,ascorbic_acid+glucose+copper+aluminum,7.5,1001144,0.0,0.0,5.0,2.0,0.1,0.1
1103,DPV,4,55,ascorbic_acid+glucose+copper+aluminum,8.0,1001145,0.0,0.0,0.1,0.1,5.0,0.1
1104,DPV,4,55,ascorbic_acid+glucose+copper+aluminum,6.0,1001146,0.0,0.0,5.0,5.0,1.0,2.0
1105,DPV,4,55,ascorbic_acid+glucose+copper+aluminum,7.5,1001147,0.0,0.0,0.1,2.0,0.1,0.5
1106,DPV,4,55,ascorbic_acid+glucose+copper+aluminum,6.0,1001148,0.0,0.0,2.0,1.0,1.0,5.0
1107,DPV,4,55,ascorbic_acid+glucose+copper+aluminum,6.5,1001149,0.0,0.0,1.0,1.0,1.0,0.1
1108,DPV,4,55,ascorbic_acid+glucose+copper+aluminum,6.0,1001150,0.0,0.0,2.0,2.0,0.5,0.5
1109,DPV,4,55,ascorbic_acid+glucose+copper+aluminum,6.0,1001151,0.0,0.0,5.0,1.0,0.1,0.1
1110,DPV,4,55,ascorbic_acid+glucose+copper+aluminum,6.0,1001152,0.0,0.0,5.0,0.1,0.5,0.5
1111,DPV,4,55,ascorbic_acid+glucose+copper+aluminum,6.0,1001153,0.0,0.0,2.0,1.0,2.0,5.0
1112,DPV,4,55,ascorbic_acid+glucose+copper+aluminum,8.0,1001154,0.0,0.0,0.5,0.1,5.0,0.2
1113,DPV,4,55,ascorbic_acid+glucose+copper+aluminum,6.0,1001155,0.0,0.0,1.0,2.0,2.0,1.0
1114,DPV,4,55,ascorbic_acid+glucose+copper+aluminum,6.5,1001156,0.0,0.0,2.0,0.2,1.0,5.0
1115,DPV,4,55,ascorbic_acid+glucose+copper+aluminum,7.5,1001157,0.0,0.0,2.0,1.0,0.5,5.0
1116,DPV,4,55,ascorbic_acid+glucose+copper+aluminum,8.0,1001158,0.0,0.0,0.2,0.1,0.1,0.5
1117,DPV,4,55,ascorbic_acid+glucose+copper+aluminum,8.0,1001159,0.0,0.0,5.0,0.2,0.5,2.0
1118,DPV,4,55,ascorbic_acid+glucose+copper+aluminum,6.0,1001160,0.0,0.0,1.0,1.0,1.0,0.1
1119,DPV,4,55,ascorbic_acid+glucose+copper+aluminum,8.0,1001161,0.0,0.0,2.0,0.5,0.1,5.0
1120,DPV,4,55,ascorbic_acid+glucose+copper+aluminum,7.5,1001162,0.0,0.0,0.5,1.0,0.5,1.0
1121,DPV,5,56,dopamine+uric_acid+ascorbic_acid+glucose+copper,6.0,1001163,2.0,0.1,1.0,2.0,5.0,0.0
1122,DPV,5,56,dopamine+uric_acid+ascorbic_acid+glucose+copper,7.0,1001164,0.1,2.0,0.2,1.0,0.1,0.0
1123,DPV,5,56,dopamine+uric_acid+ascorbic_acid+glucose+copper,8.0,1001165,0.5,5.0,2.0,1.0,0.1,0.0
1124,DPV,5,56,dopamine+uric_acid+ascorbic_acid+glucose+copper,6.5,1001166,0.2,0.2,2.0,1.0,5.0,0.0
1125,DPV,5,56,dopamine+uric_acid+ascorbic_acid+glucose+copper,6.0,1001167,0.2,5.0,0.2,2.0,1.0,0.0
1126,DPV,5,56,dopamine+uric_acid+ascorbic_acid+glucose+copper,8.0,1001168,0.1,2.0,2.0,5.0,5.0,0.0
1127,DPV,5,56,dopamine+uric_acid+ascorbic_acid+glucose+copper,8.0,1001169,1.0,1.0,0.2,1.0,2.0,0.0
1128,DPV,5,56,dopamine+uric_acid+ascorbic_acid+glucose+copper,8.0,1001170,0.1,0.5,0.2,0.5,1.0,0.0
1129,DPV,5,56,dopamine+uric_acid+ascorbic_acid+glucose+copper,8.0,1001171,0.5,2.0,1.0,2.0,1.0,0.0
1130,DPV,5,56,dopamine+uric_acid+ascorbic_acid+glucose+copper,8.0,1001172,0.1,0.5,1.0,0.5,1.0,0.0
1131,DPV,5,56,dopamine+uric_acid+ascorbic_acid+glucose+copper,7.0,1001173,2.0,5.0,5.0,0.2,0.1,0.0
1132,DPV,5,56,dopamine+uric_acid+ascorbic_acid+glucose+copper,6.0,1001174,0.2,0.2,0.1,0.5,1.0,0.0
1133,DPV,5,56,dopamine+uric_acid+ascorbic_acid+glucose+copper,7.5,1001175,0.5,5.0,0.5,0.5,5.0,0.0
1134,DPV,5,56,dopamine+uric_acid+ascorbic_acid+glucose+copper,6.5,1001176,5.0,5.0,0.5,5.0,5.0,0.0
1135,DPV,5,56,dopamine+uric_acid+ascorbic_acid+glucose+copper,7.0,1001177,1.0,0.1,5.0,5.0,0.2,0.0
1136,DPV,5,56,dopamine+uric_acid+ascorbic_acid+glucose+copper,7.5,1001178,0.5,0.1,5.0,1.0,1.0,0.0
1137,DPV,5,56,dopamine+uric_acid+ascorbic_acid+glucose+copper,8.0,1001179,0.2,5.0,0.2,1.0,2.0,0.0
1138,DPV,5,56,dopamine+uric_acid+ascorbic_acid+glucose+copper,6.5,1001180,1.0,5.0,2.0,0.2,5.0,0.0
1139,DPV,5,56,dopamine+uric_acid+ascorbic_acid+glucose+copper,6.5,1001181,2.0,0.1,0.1,2.0,2.0,0.0
1140,DPV,5,56,dopamine+uric_acid+ascorbic_acid+glucose+copper,7.5,1001182,0.1,0.2,0.2,5.0,1.0,0.0
1141,DPV,5,57,dopamine+uric_acid+ascorbic_acid+glucose+aluminum,6.0,1001183,0.5,5.0,0.2,1.0,0.0,0.1
1142,DPV,5,57,dopamine+uric_acid+ascorbic_acid+glucose+aluminum,7.0,1001184,1.0,1.0,2.0,0.5,0.0,0.1
1143,DPV,5,57,dopamine+uric_acid+ascorbic_acid+glucose+aluminum,7.5,1001185,0.1,0.1,0.1,0.5,0.0,0.5
1144,DPV,5,57,dopamine+uric_acid+ascorbic_acid+glucose+aluminum,7.0,1001186,5.0,5.0,1.0,5.0,0.0,0.5
1145,DPV,5,57,dopamine+uric_acid+ascorbic_acid+glucose+aluminum,6.5,1001187,2.0,0.5,0.5,0.5,0.0,0.1
1146,DPV,5,57,dopamine+uric_acid+ascorbic_acid+glucose+aluminum,8.0,1001188,5.0,0.2,5.0,0.1,0.0,0.2
1147,DPV,5,57,dopamine+uric_acid+ascorbic_acid+glucose+aluminum,6.5,1001189,1.0,0.2,0.5,0.1,0.0,0.2
1148,DPV,5,57,dopamine+uric_acid+ascorbic_acid+glucose+aluminum,7.5,1001190,0.1,5.0,1.0,0.2,0.0,1.0
1149,DPV,5,57,dopamine+uric_acid+ascorbic_acid+glucose+aluminum,7.0,1001191,2.0,5.0,0.1,0.1,0.0,2.0
1150,DPV,5,57,dopamine+uric_acid+ascorbic_acid+glucose+aluminum,6.0,1001192,0.1,2.0,0.2,0.2,0.0,2.0
1151,DPV,5,57,dopamine+uric_acid+ascorbic_acid+glucose+aluminum,7.0,1001193,5.0,2.0,1.0,0.1,0.0,0.5
1152,DPV,5,57,dopamine+uric_acid+ascorbic_acid+glucose+aluminum,6.0,1001194,2.0,1.0,5.0,0.5,0.0,2.0
1153,DPV,5,57,dopamine+uric_acid+ascorbic_acid+glucose+aluminum,8.0,1001195,0.2,0.5,1.0,0.1,0.0,1.0
1154,DPV,5,57,dopamine+uric_acid+ascorbic_acid+glucose+aluminum,7.5,1001196,2.0,0.5,2.0,0.2,0.0,1.0
1155,DPV,5,57,dopamine+uric_acid+ascorbic_acid+glucose+aluminum,6.5,1001197,1.0,0.5,0.2,0.2,0.0,1.0
1156,DPV,5,57,dopamine+uric_acid+ascorbic_acid+glucose+aluminum,7.0,1001198,0.2,0.5,0.2,2.0,0.0,0.5
1157,DPV,5,57,dopamine+uric_acid+ascorbic_acid+glucose+aluminum,7.5,1001199,2.0,1.0,0.1,1.0,0.0,0.2
1158,DPV,5,57,dopamine+uric_acid+ascorbic_acid+glucose+aluminum,6.5,1001200,2.0,0.2,0.2,0.2,0.0,5.0
1159,DPV,5,57,dopamine+uric_acid+ascorbic_acid+glucose+aluminum,6.5,1001201,5.0,0.1,0.1,2.0,0.0,0.1
1160,DPV,5,57,dopamine+uric_acid+ascorbic_acid+glucose+aluminum,7.0,1001202,1.0,2.0,0.1,0.1,0.0,2.0
1161,DPV,5,58,dopamine+uric_acid+ascorbic_acid+copper+aluminum,6.5,1001203,0.1,1.0,0.1,0.0,2.0,2.0
1162,DPV,5,58,dopamine+uric_acid+ascorbic_acid+copper+aluminum,7.5,1001204,0.1,1.0,1.0,0.0,5.0,0.2
1163,DPV,5,58,dopamine+uric_acid+ascorbic_acid+copper+aluminum,6.0,1001205,0.2,0.1,1.0,0.0,2.0,0.5
1164,DPV,5,58,dopamine+uric_acid+ascorbic_acid+copper+aluminum,8.0,1001206,0.1,0.2,5.0,0.0,0.2,0.1
1165,DPV,5,58,dopamine+uric_acid+ascorbic_acid+copper+aluminum,6.5,1001207,2.0,0.1,0.1,0.0,0.5,0.5
1166,DPV,5,58,dopamine+uric_acid+ascorbic_acid+copper+aluminum,7.0,1001208,1.0,0.5,1.0,0.0,5.0,0.5
1167,DPV,5,58,dopamine+uric_acid+ascorbic_acid+copper+aluminum,6.0,1001209,5.0,0.5,0.2,0.0,0.1,5.0
1168,DPV,5,58,dopamine+uric_acid+ascorbic_acid+copper+aluminum,6.5,1001210,0.2,5.0,0.1,0.0,5.0,0.2
1169,DPV,5,58,dopamine+uric_acid+ascorbic_acid+copper+aluminum,7.5,1001211,2.0,0.1,2.0,0.0,0.2,1.0
1170,DPV,5,58,dopamine+uric_acid+ascorbic_acid+copper+aluminum,6.5,1001212,0.5,2.0,0.5,0.0,5.0,0.2
1171,DPV,5,58,dopamine+uric_acid+ascorbic_acid+copper+aluminum,6.0,1001213,0.2,2.0,1.0,0.0,0.2,1.0
1172,DPV,5,58,dopamine+uric_acid+ascorbic_acid+copper+aluminum,7.0,1001214,0.1,2.0,0.2,0.0,0.5,1.0
1173,DPV,5,58,dopamine+uric_acid+ascorbic_acid+copper+aluminum,6.0,1001215,5.0,5.0,0.2,0.0,0.5,1.0
1174,DPV,5,58,dopamine+uric_acid+ascorbic_acid+copper+aluminum,6.5,1001216,2.0,0.2,1.0,0.0,0.2,1.0
1175,DPV,5,58,dopamine+uric_acid+ascorbic_acid+copper+aluminum,7.0,1001217,5.0,5.0,0.5,0.0,1.0,0.1
1176,DPV,5,58,dopamine+uric_acid+ascorbic_acid+copper+aluminum,7.0,1001218,1.0,0.5,5.0,0.0,2.0,0.5
1177,DPV,5,58,dopamine+uric_acid+ascorbic_acid+copper+aluminum,7.5,1001219,2.0,1.0,0.1,0.0,2.0,1.0
1178,DPV,5,58,dopamine+uric_acid+ascorbic_acid+copper+aluminum,7.5,1001220,0.2,2.0,5.0,0.0,0.1,1.0
1179,DPV,5,58,dopamine+uric_acid+ascorbic_acid+copper+aluminum,8.0,1001221,1.0,1.0,1.0,0.0,5.0,0.1
1180,DPV,5,58,dopamine+uric_acid+ascorbic_acid+copper+aluminum,6.0,1001222,2.0,2.0,5.0,0.0,5.0,0.5
1181,DPV,5,59,dopamine+uric_acid+glucose+copper+aluminum,6.5,1001223,1.0,1.0,0.0,0.2,0.5,0.2
1182,DPV,5,59,dopamine+uric_acid+glucose+copper+aluminum,6.0,1001224,0.1,0.1,0.0,2.0,0.2,0.1
1183,DPV,5,59,dopamine+uric_acid+glucose+copper+aluminum,6.0,1001225,0.1,0.2,0.0,2.0,1.0,0.5
1184,DPV,5,59,dopamine+uric_acid+glucose+copper+aluminum,6.5,1001226,0.5,5.0,0.0,0.1,2.0,2.0
1185,DPV,5,59,dopamine+uric_acid+glucose+copper+aluminum,7.0,1001227,1.0,0.5,0.0,5.0,0.2,2.0
1186,DPV,5,59,dopamine+uric_acid+glucose+copper+aluminum,8.0,1001228,0.5,1.0,0.0,0.5,2.0,1.0
1187,DPV,5,59,dopamine+uric_acid+glucose+copper+aluminum,7.5,1001229,1.0,2.0,0.0,5.0,0.2,0.2
1188,DPV,5,59,dopamine+uric_acid+glucose+copper+aluminum,7.5,1001230,0.1,0.2,0.0,0.1,5.0,0.2
1189,DPV,5,59,dopamine+uric_acid+glucose+copper+aluminum,7.5,1001231,0.2,5.0,0.0,0.5,0.1,2.0
1190,DPV,5,59,dopamine+uric_acid+glucose+copper+aluminum,6.0,1001232,0.2,0.1,0.0,0.1,5.0,2.0
1191,DPV,5,59,dopamine+uric_acid+glucose+copper+aluminum,8.0,1001233,1.0,0.5,0.0,5.0,0.1,0.1
1192,DPV,5,59,dopamine+uric_acid+glucose+copper+aluminum,8.0,1001234,2.0,5.0,0.0,0.5,5.0,5.0
1193,DPV,5,59,dopamine+uric_acid+glucose+copper+aluminum,6.0,1001235,1.0,0.2,0.0,2.0,5.0,0.1
1194,DPV,5,59,dopamine+uric_acid+glucose+copper+aluminum,7.0,1001236,0.5,0.1,0.0,0.2,0.2,0.2
1195,DPV,5,59,dopamine+uric_acid+glucose+copper+aluminum,8.0,1001237,0.5,2.0,0.0,0.5,0.1,2.0
1196,DPV,5,59,dopamine+uric_acid+glucose+copper+aluminum,7.0,1001238,0.5,5.0,0.0,0.1,0.1,0.5
1197,DPV,5,59,dopamine+uric_acid+glucose+copper+aluminum,8.0,1001239,2.0,5.0,0.0,0.1,0.2,0.2
1198,DPV,5,59,dopamine+uric_acid+glucose+copper+aluminum,8.0,1001240,0.1,0.5,0.0,0.2,5.0,0.1
1199,DPV,5,59,dopamine+uric_acid+glucose+copper+aluminum,7.0,1001241,1.0,1.0,0.0,5.0,0.1,2.0
1200,DPV,5,59,dopamine+uric_acid+glucose+copper+aluminum,6.0,1001242,2.0,0.5,0.0,0.2,0.1,5.0
1201,DPV,5,60,dopamine+ascorbic_acid+glucose+copper+aluminum,6.5,1001243,5.0,0.0,1.0,2.0,1.0,2.0
1202,DPV,5,60,dopamine+ascorbic_acid+glucose+copper+aluminum,6.5,1001244,0.2,0.0,2.0,1.0,5.0,5.0
1203,DPV,5,60,dopamine+ascorbic_acid+glucose+copper+aluminum,7.0,1001245,0.2,0.0,0.5,0.5,2.0,1.0
1204,DPV,5,60,dopamine+ascorbic_acid+glucose+copper+aluminum,7.0,1001246,5.0,0.0,0.5,0.5,0.5,1.0
1205,DPV,5,60,dopamine+ascorbic_acid+glucose+copper+aluminum,7.0,1001247,0.1,0.0,5.0,0.1,0.2,0.1
1206,DPV,5,60,dopamine+ascorbic_acid+glucose+copper+aluminum,6.0,1001248,0.5,0.0,5.0,1.0,2.0,1.0
1207,DPV,5,60,dopamine+ascorbic_acid+glucose+copper+aluminum,6.5,1001249,0.1,0.0,0.2,5.0,0.1,0.2
1208,DPV,5,60,dopamine+ascorbic_acid+glucose+copper+aluminum,7.5,1001250,0.5,0.0,1.0,0.5,0.5,0.1
1209,DPV,5,60,dopamine+ascorbic_acid+glucose+copper+aluminum,6.0,1001251,1.0,0.0,0.2,0.1,1.0,0.2
1210,DPV,5,60,dopamine+ascorbic_acid+glucose+copper+aluminum,6.5,1001252,2.0,0.0,2.0,1.0,5.0,0.2
1211,DPV,5,60,dopamine+ascorbic_acid+glucose+copper+aluminum,8.0,1001253,0.5,0.0,0.5,1.0,2.0,0.5
1212,DPV,5,60,dopamine+ascorbic_acid+glucose+copper+aluminum,6.0,1001254,0.5,0.0,0.5,0.5,2.0,0.5
1213,DPV,5,60,dopamine+ascorbic_acid+glucose+copper+aluminum,7.0,1001255,5.0,0.0,2.0,0.5,1.0,5.0
1214,DPV,5,60,dopamine+ascorbic_acid+glucose+copper+aluminum,6.5,1001256,0.5,0.0,0.5,0.5,0.2,0.5
1215,DPV,5,60,dopamine+ascorbic_acid+glucose+copper+aluminum,6.0,1001257,0.1,0.0,5.0,5.0,0.5,2.0
1216,DPV,5,60,dopamine+ascorbic_acid+glucose+copper+aluminum,7.0,1001258,5.0,0.0,0.2,5.0,0.2,1.0
1217,DPV,5,60,dopamine+ascorbic_acid+glucose+copper+aluminum,7.0,1001259,1.0,0.0,2.0,5.0,0.1,0.2
1218,DPV,5,60,dopamine+ascorbic_acid+glucose+copper+aluminum,6.0,1001260,2.0,0.0,2.0,0.1,2.0,0.1
1219,DPV,5,60,dopamine+ascorbic_acid+glucose+copper+aluminum,6.0,1001261,0.2,0.0,5.0,0.1,0.1,5.0
1220,DPV,5,60,dopamine+ascorbic_acid+glucose+copper+aluminum,6.0,1001262,0.2,0.0,2.0,2.0,5.0,0.2
1221,DPV,5,61,uric_acid+ascorbic_acid+glucose+copper+aluminum,7.5,1001263,0.0,0.1,2.0,2.0,1.0,0.2
1222,DPV,5,61,uric_acid+ascorbic_acid+glucose+copper+aluminum,8.0,1001264,0.0,5.0,5.0,2.0,5.0,0.5
1223,DPV,5,61,uric_acid+ascorbic_acid+glucose+copper+aluminum,6.0,1001265,0.0,2.0,0.5,1.0,0.2,0.2
1224,DPV,5,61,uric_acid+ascorbic_acid+glucose+copper+aluminum,6.5,1001266,0.0,0.2,0.1,0.2,1.0,0.1
1225,DPV,5,61,uric_acid+ascorbic_acid+glucose+copper+aluminum,6.5,1001267,0.0,2.0,5.0,0.5,0.2,1.0
1226,DPV,5,61,uric_acid+ascorbic_acid+glucose+copper+aluminum,6.5,1001268,0.0,0.2,0.1,2.0,0.2,0.5
1227,DPV,5,61,uric_acid+ascorbic_acid+glucose+copper+aluminum,6.5,1001269,0.0,0.2,1.0,2.0,2.0,5.0
1228,DPV,5,61,uric_acid+ascorbic_acid+glucose+copper+aluminum,6.0,1001270,0.0,0.1,1.0,5.0,0.1,0.5
1229,DPV,5,61,uric_acid+ascorbic_acid+glucose+copper+aluminum,7.0,1001271,0.0,0.5,5.0,0.1,0.5,0.1
1230,DPV,5,61,uric_acid+ascorbic_acid+glucose+copper+aluminum,6.5,1001272,0.0,2.0,0.5,1.0,2.0,0.5
1231,DPV,5,61,uric_acid+ascorbic_acid+glucose+copper+aluminum,6.5,1001273,0.0,2.0,0.1,2.0,2.0,2.0
1232,DPV,5,61,uric_acid+ascorbic_acid+glucose+copper+aluminum,6.5,1001274,0.0,0.2,0.5,0.5,2.0,1.0
1233,DPV,5,61,uric_acid+ascorbic_acid+glucose+copper+aluminum,8.0,1001275,0.0,0.5,5.0,0.5,5.0,0.1
1234,DPV,5,61,uric_acid+ascorbic_acid+glucose+copper+aluminum,7.5,1001276,0.0,0.1,0.1,5.0,0.5,1.0
1235,DPV,5,61,uric_acid+ascorbic_acid+glucose+copper+aluminum,7.0,1001277,0.0,1.0,0.5,0.1,0.1,1.0
1236,DPV,5,61,uric_acid+ascorbic_acid+glucose+copper+aluminum,6.5,1001278,0.0,5.0,5.0,1.0,0.2,1.0
1237,DPV,5,61,uric_acid+ascorbic_acid+glucose+copper+aluminum,8.0,1001279,0.0,0.2,0.5,0.1,1.0,0.5
1238,DPV,5,61,uric_acid+ascorbic_acid+glucose+copper+aluminum,8.0,1001280,0.0,0.1,0.5,0.5,2.0,2.0
1239,DPV,5,61,uric_acid+ascorbic_acid+glucose+copper+aluminum,6.0,1001281,0.0,0.1,1.0,0.2,2.0,2.0
1240,DPV,5,61,uric_acid+ascorbic_acid+glucose+copper+aluminum,8.0,1001282,0.0,0.5,2.0,5.0,0.1,0.1
1241,DPV,6,62,dopamine+uric_acid+ascorbic_acid+glucose+copper+aluminum,7.5,1001283,2.0,1.0,0.5,0.5,0.2,0.2
1242,DPV,6,62,dopamine+uric_acid+ascorbic_acid+glucose+copper+aluminum,6.0,1001284,2.0,1.0,0.1,2.0,2.0,0.5
1243,DPV,6,62,dopamine+uric_acid+ascorbic_acid+glucose+copper+aluminum,7.5,1001285,0.2,5.0,5.0,0.1,1.0,2.0
1244,DPV,6,62,dopamine+uric_acid+ascorbic_acid+glucose+copper+aluminum,6.0,1001286,2.0,2.0,0.5,5.0,0.5,0.5
1245,DPV,6,62,dopamine+uric_acid+ascorbic_acid+glucose+copper+aluminum,6.0,1001287,0.5,0.1,2.0,0.5,5.0,2.0
1246,DPV,6,62,dopamine+uric_acid+ascorbic_acid+glucose+copper+aluminum,6.0,1001288,0.2,0.2,2.0,0.5,1.0,0.1
1247,DPV,6,62,dopamine+uric_acid+ascorbic_acid+glucose+copper+aluminum,7.0,1001289,0.2,2.0,5.0,0.2,0.2,5.0
1248,DPV,6,62,dopamine+uric_acid+ascorbic_acid+glucose+copper+aluminum,7.5,1001290,5.0,2.0,0.2,5.0,5.0,0.2
1249,DPV,6,62,dopamine+uric_acid+ascorbic_acid+glucose+copper+aluminum,7.0,1001291,5.0,0.5,5.0,0.5,0.5,1.0
1250,DPV,6,62,dopamine+uric_acid+ascorbic_acid+glucose+copper+aluminum,6.0,1001292,0.2,0.1,1.0,0.5,2.0,0.2
1251,DPV,6,62,dopamine+uric_acid+ascorbic_acid+glucose+copper+aluminum,6.0,1001293,0.1,0.2,0.5,0.2,0.5,0.2
1252,DPV,6,62,dopamine+uric_acid+ascorbic_acid+glucose+copper+aluminum,8.0,1001294,0.5,0.1,1.0,0.2,0.2,0.1
1253,DPV,6,62,dopamine+uric_acid+ascorbic_acid+glucose+copper+aluminum,8.0,1001295,0.5,0.2,0.1,5.0,0.2,0.5
1254,DPV,6,62,dopamine+uric_acid+ascorbic_acid+glucose+copper+aluminum,7.5,1001296,1.0,0.1,1.0,1.0,0.1,5.0
1255,DPV,6,62,dopamine+uric_acid+ascorbic_acid+glucose+copper+aluminum,6.0,1001297,5.0,0.5,1.0,0.2,1.0,1.0
1256,DPV,6,62,dopamine+uric_acid+ascorbic_acid+glucose+copper+aluminum,8.0,1001298,0.1,0.2,1.0,0.5,2.0,0.5
1257,DPV,6,62,dopamine+uric_acid+ascorbic_acid+glucose+copper+aluminum,7.5,1001299,0.1,0.1,0.5,5.0,0.5,0.1
1258,DPV,6,62,dopamine+uric_acid+ascorbic_acid+glucose+copper+aluminum,7.0,1001300,1.0,2.0,0.1,2.0,5.0,0.2
1259,DPV,6,62,dopamine+uric_acid+ascorbic_acid+glucose+copper+aluminum,6.0,1001301,0.5,2.0,0.1,2.0,5.0,0.5
1260,DPV,6,62,dopamine+uric_acid+ascorbic_acid+glucose+copper+aluminum,8.0,1001302,0.5,0.5,0.1,2.0,2.0,0.5
